,year,round,race,date,circuit,location
0,2009,1,Australian Grand Prix,2009-03-29,Albert Park Grand Prix Circuit,"Melbourne, Australia"
1,2009,2,Malaysian Grand Prix,2009-04-05,Sepang International Circuit,"Kuala Lumpur, Malaysia"
2,2009,3,Chinese Grand Prix,2009-04-19,Shanghai International Circuit,"Shanghai, China"
3,2009,4,Bahrain Grand Prix,2009-04-26,Bahrain International Circuit,"Sakhir, Bahrain"
4,2009,5,Spanish Grand Prix,2009-05-10,Circuit de Barcelona-Catalunya,"Montmeló, Spain"
5,2009,6,Monaco Grand Prix,2009-05-24,Circuit de Monaco,"Monte-Carlo, Monaco"
6,2009,7,Turkish Grand Prix,2009-06-07,Istanbul Park,"Istanbul, Turkey"
7,2009,8,British Grand Prix,2009-06-21,Silverstone Circuit,"Silverstone, UK"
8,2009,9,German Grand Prix,2009-07-12,Nürburgring,"Nürburg, Germany"
9,2009,10,Hungarian Grand Prix,2009-07-26,Hungaroring,"Budapest, Hungary"
10,2009,11,European Grand Prix,2009-08-23,Valencia Street Circuit,"Valencia, Spain"
11,2009,12,Belgian Grand Prix,2009-08-30,Circuit de Spa-Francorchamps,"Spa, Belgium"
12,2009,13,Italian Grand Prix,2009-09-13,Autodromo Nazionale di Monza,"Monza, Italy"
13,2009,14,Singapore Grand Prix,2009-09-27,Marina Bay Street Circuit,"Marina Bay, Singapore"
14,2009,15,Japanese Grand Prix,2009-10-04,Suzuka Circuit,"Suzuka, Japan"
15,2009,16,Brazilian Grand Prix,2009-10-18,Autódromo José Carlos Pace,"São Paulo, Brazil"
16,2009,17,Abu Dhabi Grand Prix,2009-11-01,Yas Marina Circuit,"Abu Dhabi, UAE"
17,2008,1,Australian Grand Prix,2008-03-16,Albert Park Grand Prix Circuit,"Melbourne, Australia"
18,2008,2,Malaysian Grand Prix,2008-03-23,Sepang International Circuit,"Kuala Lumpur, Malaysia"
19,2008,3,Bahrain Grand Prix,2008-04-06,Bahrain International Circuit,"Sakhir, Bahrain"
20,2008,4,Spanish Grand Prix,2008-04-27,Circuit de Barcelona-Catalunya,"Montmeló, Spain"
21,2008,5,Turkish Grand Prix,2008-05-11,Istanbul Park,"Istanbul, Turkey"
22,2008,6,Monaco Grand Prix,2008-05-25,Circuit de Monaco,"Monte-Carlo, Monaco"
23,2008,7,Canadian Grand Prix,2008-06-08,Circuit Gilles Villeneuve,"Montreal, Canada"
24,2008,8,French Grand Prix,2008-06-22,Circuit de Nevers Magny-Cours,"Magny Cours, France"
25,2008,9,British Grand Prix,2008-07-06,Silverstone Circuit,"Silverstone, UK"
26,2008,10,German Grand Prix,2008-07-20,Hockenheimring,"Hockenheim, Germany"
27,2008,11,Hungarian Grand Prix,2008-08-03,Hungaroring,"Budapest, Hungary"
28,2008,12,European Grand Prix,2008-08-24,Valencia Street Circuit,"Valencia, Spain"
29,2008,13,Belgian Grand Prix,2008-09-07,Circuit de Spa-Francorchamps,"Spa, Belgium"
30,2008,14,Italian Grand Prix,2008-09-14,Autodromo Nazionale di Monza,"Monza, Italy"
31,2008,15,Singapore Grand Prix,2008-09-28,Marina Bay Street Circuit,"Marina Bay, Singapore"
32,2008,16,Japanese Grand Prix,2008-10-12,Fuji Speedway,"Oyama, Japan"
33,2008,17,Chinese Grand Prix,2008-10-19,Shanghai International Circuit,"Shanghai, China"
34,2008,18,Brazilian Grand Prix,2008-11-02,Autódromo José Carlos Pace,"São Paulo, Brazil"
35,2007,1,Australian Grand Prix,2007-03-18,Albert Park Grand Prix Circuit,"Melbourne, Australia"
36,2007,2,Malaysian Grand Prix,2007-04-08,Sepang International Circuit,"Kuala Lumpur, Malaysia"
37,2007,3,Bahrain Grand Prix,2007-04-15,Bahrain International Circuit,"Sakhir, Bahrain"
38,2007,4,Spanish Grand Prix,2007-05-13,Circuit de Barcelona-Catalunya,"Montmeló, Spain"
39,2007,5,Monaco Grand Prix,2007-05-27,Circuit de Monaco,"Monte-Carlo, Monaco"
40,2007,6,Canadian Grand Prix,2007-06-10,Circuit Gilles Villeneuve,"Montreal, Canada"
41,2007,7,United States Grand Prix,2007-06-17,Indianapolis Motor Speedway,"Indianapolis, USA"
42,2007,8,French Grand Prix,2007-07-01,Circuit de Nevers Magny-Cours,"Magny Cours, France"
43,2007,9,British Grand Prix,2007-07-08,Silverstone Circuit,"Silverstone, UK"
44,2007,10,European Grand Prix,2007-07-22,Nürburgring,"Nürburg, Germany"
45,2007,11,Hungarian Grand Prix,2007-08-05,Hungaroring,"Budapest, Hungary"
46,2007,12,Turkish Grand Prix,2007-08-26,Istanbul Park,"Istanbul, Turkey"
47,2007,13,Italian Grand Prix,2007-09-09,Autodromo Nazionale di Monza,"Monza, Italy"
48,2007,14,Belgian Grand Prix,2007-09-16,Circuit de Spa-Francorchamps,"Spa, Belgium"
49,2007,15,Japanese Grand Prix,2007-09-30,Fuji Speedway,"Oyama, Japan"
50,2007,16,Chinese Grand Prix,2007-10-07,Shanghai International Circuit,"Shanghai, China"
51,2007,17,Brazilian Grand Prix,2007-10-21,Autódromo José Carlos Pace,"São Paulo, Brazil"
52,2006,1,Bahrain Grand Prix,2006-03-12,Bahrain International Circuit,"Sakhir, Bahrain"
53,2006,2,Malaysian Grand Prix,2006-03-19,Sepang International Circuit,"Kuala Lumpur, Malaysia"
54,2006,3,Australian Grand Prix,2006-04-02,Albert Park Grand Prix Circuit,"Melbourne, Australia"
55,2006,4,San Marino Grand Prix,2006-04-23,Autodromo Enzo e Dino Ferrari,"Imola, Italy"
56,2006,5,European Grand Prix,2006-05-07,Nürburgring,"Nürburg, Germany"
57,2006,6,Spanish Grand Prix,2006-05-14,Circuit de Barcelona-Catalunya,"Montmeló, Spain"
58,2006,7,Monaco Grand Prix,2006-05-28,Circuit de Monaco,"Monte-Carlo, Monaco"
59,2006,8,British Grand Prix,2006-06-11,Silverstone Circuit,"Silverstone, UK"
60,2006,9,Canadian Grand Prix,2006-06-25,Circuit Gilles Villeneuve,"Montreal, Canada"
61,2006,10,United States Grand Prix,2006-07-02,Indianapolis Motor Speedway,"Indianapolis, USA"
62,2006,11,French Grand Prix,2006-07-16,Circuit de Nevers Magny-Cours,"Magny Cours, France"
63,2006,12,German Grand Prix,2006-07-30,Hockenheimring,"Hockenheim, Germany"
64,2006,13,Hungarian Grand Prix,2006-08-06,Hungaroring,"Budapest, Hungary"
65,2006,14,Turkish Grand Prix,2006-08-27,Istanbul Park,"Istanbul, Turkey"
66,2006,15,Italian Grand Prix,2006-09-10,Autodromo Nazionale di Monza,"Monza, Italy"
67,2006,16,Chinese Grand Prix,2006-10-01,Shanghai International Circuit,"Shanghai, China"
68,2006,17,Japanese Grand Prix,2006-10-08,Suzuka Circuit,"Suzuka, Japan"
69,2006,18,Brazilian Grand Prix,2006-10-22,Autódromo José Carlos Pace,"São Paulo, Brazil"
70,2005,1,Australian Grand Prix,2005-03-06,Albert Park Grand Prix Circuit,"Melbourne, Australia"
71,2005,2,Malaysian Grand Prix,2005-03-20,Sepang International Circuit,"Kuala Lumpur, Malaysia"
72,2005,3,Bahrain Grand Prix,2005-04-03,Bahrain International Circuit,"Sakhir, Bahrain"
73,2005,4,San Marino Grand Prix,2005-04-24,Autodromo Enzo e Dino Ferrari,"Imola, Italy"
74,2005,5,Spanish Grand Prix,2005-05-08,Circuit de Barcelona-Catalunya,"Montmeló, Spain"
75,2005,6,Monaco Grand Prix,2005-05-22,Circuit de Monaco,"Monte-Carlo, Monaco"
76,2005,7,European Grand Prix,2005-05-29,Nürburgring,"Nürburg, Germany"
77,2005,8,Canadian Grand Prix,2005-06-12,Circuit Gilles Villeneuve,"Montreal, Canada"
78,2005,9,United States Grand Prix,2005-06-19,Indianapolis Motor Speedway,"Indianapolis, USA"
79,2005,10,French Grand Prix,2005-07-03,Circuit de Nevers Magny-Cours,"Magny Cours, France"
80,2005,11,British Grand Prix,2005-07-10,Silverstone Circuit,"Silverstone, UK"
81,2005,12,German Grand Prix,2005-07-24,Hockenheimring,"Hockenheim, Germany"
82,2005,13,Hungarian Grand Prix,2005-07-31,Hungaroring,"Budapest, Hungary"
83,2005,14,Turkish Grand Prix,2005-08-21,Istanbul Park,"Istanbul, Turkey"
84,2005,15,Italian Grand Prix,2005-09-04,Autodromo Nazionale di Monza,"Monza, Italy"
85,2005,16,Belgian Grand Prix,2005-09-11,Circuit de Spa-Francorchamps,"Spa, Belgium"
86,2005,17,Brazilian Grand Prix,2005-09-25,Autódromo José Carlos Pace,"São Paulo, Brazil"
87,2005,18,Japanese Grand Prix,2005-10-09,Suzuka Circuit,"Suzuka, Japan"
88,2005,19,Chinese Grand Prix,2005-10-16,Shanghai International Circuit,"Shanghai, China"
89,2004,1,Australian Grand Prix,2004-03-07,Albert Park Grand Prix Circuit,"Melbourne, Australia"
90,2004,2,Malaysian Grand Prix,2004-03-21,Sepang International Circuit,"Kuala Lumpur, Malaysia"
91,2004,3,Bahrain Grand Prix,2004-04-04,Bahrain International Circuit,"Sakhir, Bahrain"
92,2004,4,San Marino Grand Prix,2004-04-25,Autodromo Enzo e Dino Ferrari,"Imola, Italy"
93,2004,5,Spanish Grand Prix,2004-05-09,Circuit de Barcelona-Catalunya,"Montmeló, Spain"
94,2004,6,Monaco Grand Prix,2004-05-23,Circuit de Monaco,"Monte-Carlo, Monaco"
95,2004,7,European Grand Prix,2004-05-30,Nürburgring,"Nürburg, Germany"
96,2004,8,Canadian Grand Prix,2004-06-13,Circuit Gilles Villeneuve,"Montreal, Canada"
97,2004,9,United States Grand Prix,2004-06-20,Indianapolis Motor Speedway,"Indianapolis, USA"
98,2004,10,French Grand Prix,2004-07-04,Circuit de Nevers Magny-Cours,"Magny Cours, France"
99,2004,11,British Grand Prix,2004-07-11,Silverstone Circuit,"Silverstone, UK"
100,2004,12,German Grand Prix,2004-07-25,Hockenheimring,"Hockenheim, Germany"
101,2004,13,Hungarian Grand Prix,2004-08-15,Hungaroring,"Budapest, Hungary"
102,2004,14,Belgian Grand Prix,2004-08-29,Circuit de Spa-Francorchamps,"Spa, Belgium"
103,2004,15,Italian Grand Prix,2004-09-12,Autodromo Nazionale di Monza,"Monza, Italy"
104,2004,16,Chinese Grand Prix,2004-09-26,Shanghai International Circuit,"Shanghai, China"
105,2004,17,Japanese Grand Prix,2004-10-10,Suzuka Circuit,"Suzuka, Japan"
106,2004,18,Brazilian Grand Prix,2004-10-24,Autódromo José Carlos Pace,"São Paulo, Brazil"
107,2003,1,Australian Grand Prix,2003-03-09,Albert Park Grand Prix Circuit,"Melbourne, Australia"
108,2003,2,Malaysian Grand Prix,2003-03-23,Sepang International Circuit,"Kuala Lumpur, Malaysia"
109,2003,3,Brazilian Grand Prix,2003-04-06,Autódromo José Carlos Pace,"São Paulo, Brazil"
110,2003,4,San Marino Grand Prix,2003-04-20,Autodromo Enzo e Dino Ferrari,"Imola, Italy"
111,2003,5,Spanish Grand Prix,2003-05-04,Circuit de Barcelona-Catalunya,"Montmeló, Spain"
112,2003,6,Austrian Grand Prix,2003-05-18,Red Bull Ring,"Spielberg, Austria"
113,2003,7,Monaco Grand Prix,2003-06-01,Circuit de Monaco,"Monte-Carlo, Monaco"
114,2003,8,Canadian Grand Prix,2003-06-15,Circuit Gilles Villeneuve,"Montreal, Canada"
115,2003,9,European Grand Prix,2003-06-29,Nürburgring,"Nürburg, Germany"
116,2003,10,French Grand Prix,2003-07-06,Circuit de Nevers Magny-Cours,"Magny Cours, France"
117,2003,11,British Grand Prix,2003-07-20,Silverstone Circuit,"Silverstone, UK"
118,2003,12,German Grand Prix,2003-08-03,Hockenheimring,"Hockenheim, Germany"
119,2003,13,Hungarian Grand Prix,2003-08-24,Hungaroring,"Budapest, Hungary"
120,2003,14,Italian Grand Prix,2003-09-14,Autodromo Nazionale di Monza,"Monza, Italy"
121,2003,15,United States Grand Prix,2003-09-28,Indianapolis Motor Speedway,"Indianapolis, USA"
122,2003,16,Japanese Grand Prix,2003-10-12,Suzuka Circuit,"Suzuka, Japan"
123,2002,1,Australian Grand Prix,2002-03-03,Albert Park Grand Prix Circuit,"Melbourne, Australia"
124,2002,2,Malaysian Grand Prix,2002-03-17,Sepang International Circuit,"Kuala Lumpur, Malaysia"
125,2002,3,Brazilian Grand Prix,2002-03-31,Autódromo José Carlos Pace,"São Paulo, Brazil"
126,2002,4,San Marino Grand Prix,2002-04-14,Autodromo Enzo e Dino Ferrari,"Imola, Italy"
127,2002,5,Spanish Grand Prix,2002-04-28,Circuit de Barcelona-Catalunya,"Montmeló, Spain"
128,2002,6,Austrian Grand Prix,2002-05-12,Red Bull Ring,"Spielberg, Austria"
129,2002,7,Monaco Grand Prix,2002-05-26,Circuit de Monaco,"Monte-Carlo, Monaco"
130,2002,8,Canadian Grand Prix,2002-06-09,Circuit Gilles Villeneuve,"Montreal, Canada"
131,2002,9,European Grand Prix,2002-06-23,Nürburgring,"Nürburg, Germany"
132,2002,10,British Grand Prix,2002-07-07,Silverstone Circuit,"Silverstone, UK"
133,2002,11,French Grand Prix,2002-07-21,Circuit de Nevers Magny-Cours,"Magny Cours, France"
134,2002,12,German Grand Prix,2002-07-28,Hockenheimring,"Hockenheim, Germany"
135,2002,13,Hungarian Grand Prix,2002-08-18,Hungaroring,"Budapest, Hungary"
136,2002,14,Belgian Grand Prix,2002-09-01,Circuit de Spa-Francorchamps,"Spa, Belgium"
137,2002,15,Italian Grand Prix,2002-09-15,Autodromo Nazionale di Monza,"Monza, Italy"
138,2002,16,United States Grand Prix,2002-09-29,Indianapolis Motor Speedway,"Indianapolis, USA"
139,2002,17,Japanese Grand Prix,2002-10-13,Suzuka Circuit,"Suzuka, Japan"
140,2001,1,Australian Grand Prix,2001-03-04,Albert Park Grand Prix Circuit,"Melbourne, Australia"
141,2001,2,Malaysian Grand Prix,2001-03-18,Sepang International Circuit,"Kuala Lumpur, Malaysia"
142,2001,3,Brazilian Grand Prix,2001-04-01,Autódromo José Carlos Pace,"São Paulo, Brazil"
143,2001,4,San Marino Grand Prix,2001-04-15,Autodromo Enzo e Dino Ferrari,"Imola, Italy"
144,2001,5,Spanish Grand Prix,2001-04-29,Circuit de Barcelona-Catalunya,"Montmeló, Spain"
145,2001,6,Austrian Grand Prix,2001-05-13,Red Bull Ring,"Spielberg, Austria"
146,2001,7,Monaco Grand Prix,2001-05-27,Circuit de Monaco,"Monte-Carlo, Monaco"
147,2001,8,Canadian Grand Prix,2001-06-10,Circuit Gilles Villeneuve,"Montreal, Canada"
148,2001,9,European Grand Prix,2001-06-24,Nürburgring,"Nürburg, Germany"
149,2001,10,French Grand Prix,2001-07-01,Circuit de Nevers Magny-Cours,"Magny Cours, France"
150,2001,11,British Grand Prix,2001-07-15,Silverstone Circuit,"Silverstone, UK"
151,2001,12,German Grand Prix,2001-07-29,Hockenheimring,"Hockenheim, Germany"
152,2001,13,Hungarian Grand Prix,2001-08-19,Hungaroring,"Budapest, Hungary"
153,2001,14,Belgian Grand Prix,2001-09-02,Circuit de Spa-Francorchamps,"Spa, Belgium"
154,2001,15,Italian Grand Prix,2001-09-16,Autodromo Nazionale di Monza,"Monza, Italy"
155,2001,16,United States Grand Prix,2001-09-30,Indianapolis Motor Speedway,"Indianapolis, USA"
156,2001,17,Japanese Grand Prix,2001-10-14,Suzuka Circuit,"Suzuka, Japan"
157,2000,1,Australian Grand Prix,2000-03-12,Albert Park Grand Prix Circuit,"Melbourne, Australia"
158,2000,2,Brazilian Grand Prix,2000-03-26,Autódromo José Carlos Pace,"São Paulo, Brazil"
159,2000,3,San Marino Grand Prix,2000-04-09,Autodromo Enzo e Dino Ferrari,"Imola, Italy"
160,2000,4,British Grand Prix,2000-04-23,Silverstone Circuit,"Silverstone, UK"
161,2000,5,Spanish Grand Prix,2000-05-07,Circuit de Barcelona-Catalunya,"Montmeló, Spain"
162,2000,6,European Grand Prix,2000-05-21,Nürburgring,"Nürburg, Germany"
163,2000,7,Monaco Grand Prix,2000-06-04,Circuit de Monaco,"Monte-Carlo, Monaco"
164,2000,8,Canadian Grand Prix,2000-06-18,Circuit Gilles Villeneuve,"Montreal, Canada"
165,2000,9,French Grand Prix,2000-07-02,Circuit de Nevers Magny-Cours,"Magny Cours, France"
166,2000,10,Austrian Grand Prix,2000-07-16,Red Bull Ring,"Spielberg, Austria"
167,2000,11,German Grand Prix,2000-07-30,Hockenheimring,"Hockenheim, Germany"
168,2000,12,Hungarian Grand Prix,2000-08-13,Hungaroring,"Budapest, Hungary"
169,2000,13,Belgian Grand Prix,2000-08-27,Circuit de Spa-Francorchamps,"Spa, Belgium"
170,2000,14,Italian Grand Prix,2000-09-10,Autodromo Nazionale di Monza,"Monza, Italy"
171,2000,15,United States Grand Prix,2000-09-24,Indianapolis Motor Speedway,"Indianapolis, USA"
172,2000,16,Japanese Grand Prix,2000-10-08,Suzuka Circuit,"Suzuka, Japan"
173,2000,17,Malaysian Grand Prix,2000-10-22,Sepang International Circuit,"Kuala Lumpur, Malaysia"
174,1999,1,Australian Grand Prix,1999-03-07,Albert Park Grand Prix Circuit,"Melbourne, Australia"
175,1999,2,Brazilian Grand Prix,1999-04-11,Autódromo José Carlos Pace,"São Paulo, Brazil"
176,1999,3,San Marino Grand Prix,1999-05-02,Autodromo Enzo e Dino Ferrari,"Imola, Italy"
177,1999,4,Monaco Grand Prix,1999-05-16,Circuit de Monaco,"Monte-Carlo, Monaco"
178,1999,5,Spanish Grand Prix,1999-05-30,Circuit de Barcelona-Catalunya,"Montmeló, Spain"
179,1999,6,Canadian Grand Prix,1999-06-13,Circuit Gilles Villeneuve,"Montreal, Canada"
180,1999,7,French Grand Prix,1999-06-27,Circuit de Nevers Magny-Cours,"Magny Cours, France"
181,1999,8,British Grand Prix,1999-07-11,Silverstone Circuit,"Silverstone, UK"
182,1999,9,Austrian Grand Prix,1999-07-25,Red Bull Ring,"Spielberg, Austria"
183,1999,10,German Grand Prix,1999-08-01,Hockenheimring,"Hockenheim, Germany"
184,1999,11,Hungarian Grand Prix,1999-08-15,Hungaroring,"Budapest, Hungary"
185,1999,12,Belgian Grand Prix,1999-08-29,Circuit de Spa-Francorchamps,"Spa, Belgium"
186,1999,13,Italian Grand Prix,1999-09-12,Autodromo Nazionale di Monza,"Monza, Italy"
187,1999,14,European Grand Prix,1999-09-26,Nürburgring,"Nürburg, Germany"
188,1999,15,Malaysian Grand Prix,1999-10-17,Sepang International Circuit,"Kuala Lumpur, Malaysia"
189,1999,16,Japanese Grand Prix,1999-10-31,Suzuka Circuit,"Suzuka, Japan"
190,1998,1,Australian Grand Prix,1998-03-08,Albert Park Grand Prix Circuit,"Melbourne, Australia"
191,1998,2,Brazilian Grand Prix,1998-03-29,Autódromo José Carlos Pace,"São Paulo, Brazil"
192,1998,3,Argentine Grand Prix,1998-04-12,Autódromo Juan y Oscar Gálvez,"Buenos Aires, Argentina"
193,1998,4,San Marino Grand Prix,1998-04-26,Autodromo Enzo e Dino Ferrari,"Imola, Italy"
194,1998,5,Spanish Grand Prix,1998-05-10,Circuit de Barcelona-Catalunya,"Montmeló, Spain"
195,1998,6,Monaco Grand Prix,1998-05-24,Circuit de Monaco,"Monte-Carlo, Monaco"
196,1998,7,Canadian Grand Prix,1998-06-07,Circuit Gilles Villeneuve,"Montreal, Canada"
197,1998,8,French Grand Prix,1998-06-28,Circuit de Nevers Magny-Cours,"Magny Cours, France"
198,1998,9,British Grand Prix,1998-07-12,Silverstone Circuit,"Silverstone, UK"
199,1998,10,Austrian Grand Prix,1998-07-26,Red Bull Ring,"Spielberg, Austria"
200,1998,11,German Grand Prix,1998-08-02,Hockenheimring,"Hockenheim, Germany"
201,1998,12,Hungarian Grand Prix,1998-08-16,Hungaroring,"Budapest, Hungary"
202,1998,13,Belgian Grand Prix,1998-08-30,Circuit de Spa-Francorchamps,"Spa, Belgium"
203,1998,14,Italian Grand Prix,1998-09-13,Autodromo Nazionale di Monza,"Monza, Italy"
204,1998,15,Luxembourg Grand Prix,1998-09-27,Nürburgring,"Nürburg, Germany"
205,1998,16,Japanese Grand Prix,1998-11-01,Suzuka Circuit,"Suzuka, Japan"
206,1997,1,Australian Grand Prix,1997-03-09,Albert Park Grand Prix Circuit,"Melbourne, Australia"
207,1997,2,Brazilian Grand Prix,1997-03-30,Autódromo José Carlos Pace,"São Paulo, Brazil"
208,1997,3,Argentine Grand Prix,1997-04-13,Autódromo Juan y Oscar Gálvez,"Buenos Aires, Argentina"
209,1997,4,San Marino Grand Prix,1997-04-27,Autodromo Enzo e Dino Ferrari,"Imola, Italy"
210,1997,5,Monaco Grand Prix,1997-05-11,Circuit de Monaco,"Monte-Carlo, Monaco"
211,1997,6,Spanish Grand Prix,1997-05-25,Circuit de Barcelona-Catalunya,"Montmeló, Spain"
212,1997,7,Canadian Grand Prix,1997-06-15,Circuit Gilles Villeneuve,"Montreal, Canada"
213,1997,8,French Grand Prix,1997-06-29,Circuit de Nevers Magny-Cours,"Magny Cours, France"
214,1997,9,British Grand Prix,1997-07-13,Silverstone Circuit,"Silverstone, UK"
215,1997,10,German Grand Prix,1997-07-27,Hockenheimring,"Hockenheim, Germany"
216,1997,11,Hungarian Grand Prix,1997-08-10,Hungaroring,"Budapest, Hungary"
217,1997,12,Belgian Grand Prix,1997-08-24,Circuit de Spa-Francorchamps,"Spa, Belgium"
218,1997,13,Italian Grand Prix,1997-09-07,Autodromo Nazionale di Monza,"Monza, Italy"
219,1997,14,Austrian Grand Prix,1997-09-21,Red Bull Ring,"Spielberg, Austria"
220,1997,15,Luxembourg Grand Prix,1997-09-28,Nürburgring,"Nürburg, Germany"
221,1997,16,Japanese Grand Prix,1997-10-12,Suzuka Circuit,"Suzuka, Japan"
222,1997,17,European Grand Prix,1997-10-26,Circuito de Jerez,"Jerez de la Frontera, Spain"
223,1996,1,Australian Grand Prix,1996-03-10,Albert Park Grand Prix Circuit,"Melbourne, Australia"
224,1996,2,Brazilian Grand Prix,1996-03-31,Autódromo José Carlos Pace,"São Paulo, Brazil"
225,1996,3,Argentine Grand Prix,1996-04-07,Autódromo Juan y Oscar Gálvez,"Buenos Aires, Argentina"
226,1996,4,European Grand Prix,1996-04-28,Nürburgring,"Nürburg, Germany"
227,1996,5,San Marino Grand Prix,1996-05-05,Autodromo Enzo e Dino Ferrari,"Imola, Italy"
228,1996,6,Monaco Grand Prix,1996-05-19,Circuit de Monaco,"Monte-Carlo, Monaco"
229,1996,7,Spanish Grand Prix,1996-06-02,Circuit de Barcelona-Catalunya,"Montmeló, Spain"
230,1996,8,Canadian Grand Prix,1996-06-16,Circuit Gilles Villeneuve,"Montreal, Canada"
231,1996,9,French Grand Prix,1996-06-30,Circuit de Nevers Magny-Cours,"Magny Cours, France"
232,1996,10,British Grand Prix,1996-07-14,Silverstone Circuit,"Silverstone, UK"
233,1996,11,German Grand Prix,1996-07-28,Hockenheimring,"Hockenheim, Germany"
234,1996,12,Hungarian Grand Prix,1996-08-11,Hungaroring,"Budapest, Hungary"
235,1996,13,Belgian Grand Prix,1996-08-25,Circuit de Spa-Francorchamps,"Spa, Belgium"
236,1996,14,Italian Grand Prix,1996-09-08,Autodromo Nazionale di Monza,"Monza, Italy"
237,1996,15,Portuguese Grand Prix,1996-09-22,Autódromo do Estoril,"Estoril, Portugal"
238,1996,16,Japanese Grand Prix,1996-10-13,Suzuka Circuit,"Suzuka, Japan"
239,1995,1,Brazilian Grand Prix,1995-03-26,Autódromo José Carlos Pace,"São Paulo, Brazil"
240,1995,2,Argentine Grand Prix,1995-04-09,Autódromo Juan y Oscar Gálvez,"Buenos Aires, Argentina"
241,1995,3,San Marino Grand Prix,1995-04-30,Autodromo Enzo e Dino Ferrari,"Imola, Italy"
242,1995,4,Spanish Grand Prix,1995-05-14,Circuit de Barcelona-Catalunya,"Montmeló, Spain"
243,1995,5,Monaco Grand Prix,1995-05-28,Circuit de Monaco,"Monte-Carlo, Monaco"
244,1995,6,Canadian Grand Prix,1995-06-11,Circuit Gilles Villeneuve,"Montreal, Canada"
245,1995,7,French Grand Prix,1995-07-02,Circuit de Nevers Magny-Cours,"Magny Cours, France"
246,1995,8,British Grand Prix,1995-07-16,Silverstone Circuit,"Silverstone, UK"
247,1995,9,German Grand Prix,1995-07-30,Hockenheimring,"Hockenheim, Germany"
248,1995,10,Hungarian Grand Prix,1995-08-13,Hungaroring,"Budapest, Hungary"
249,1995,11,Belgian Grand Prix,1995-08-27,Circuit de Spa-Francorchamps,"Spa, Belgium"
250,1995,12,Italian Grand Prix,1995-09-10,Autodromo Nazionale di Monza,"Monza, Italy"
251,1995,13,Portuguese Grand Prix,1995-09-24,Autódromo do Estoril,"Estoril, Portugal"
252,1995,14,European Grand Prix,1995-10-01,Nürburgring,"Nürburg, Germany"
253,1995,15,Pacific Grand Prix,1995-10-22,Okayama International Circuit,"Okayama, Japan"
254,1995,16,Japanese Grand Prix,1995-10-29,Suzuka Circuit,"Suzuka, Japan"
255,1995,17,Australian Grand Prix,1995-11-12,Adelaide Street Circuit,"Adelaide, Australia"
256,1994,1,Brazilian Grand Prix,1994-03-27,Autódromo José Carlos Pace,"São Paulo, Brazil"
257,1994,2,Pacific Grand Prix,1994-04-17,Okayama International Circuit,"Okayama, Japan"
258,1994,3,San Marino Grand Prix,1994-05-01,Autodromo Enzo e Dino Ferrari,"Imola, Italy"
259,1994,4,Monaco Grand Prix,1994-05-15,Circuit de Monaco,"Monte-Carlo, Monaco"
260,1994,5,Spanish Grand Prix,1994-05-29,Circuit de Barcelona-Catalunya,"Montmeló, Spain"
261,1994,6,Canadian Grand Prix,1994-06-12,Circuit Gilles Villeneuve,"Montreal, Canada"
262,1994,7,French Grand Prix,1994-07-03,Circuit de Nevers Magny-Cours,"Magny Cours, France"
263,1994,8,British Grand Prix,1994-07-10,Silverstone Circuit,"Silverstone, UK"
264,1994,9,German Grand Prix,1994-07-31,Hockenheimring,"Hockenheim, Germany"
265,1994,10,Hungarian Grand Prix,1994-08-14,Hungaroring,"Budapest, Hungary"
266,1994,11,Belgian Grand Prix,1994-08-28,Circuit de Spa-Francorchamps,"Spa, Belgium"
267,1994,12,Italian Grand Prix,1994-09-11,Autodromo Nazionale di Monza,"Monza, Italy"
268,1994,13,Portuguese Grand Prix,1994-09-25,Autódromo do Estoril,"Estoril, Portugal"
269,1994,14,European Grand Prix,1994-10-16,Circuito de Jerez,"Jerez de la Frontera, Spain"
270,1994,15,Japanese Grand Prix,1994-11-06,Suzuka Circuit,"Suzuka, Japan"
271,1994,16,Australian Grand Prix,1994-11-13,Adelaide Street Circuit,"Adelaide, Australia"
272,1993,1,South African Grand Prix,1993-03-14,Kyalami,"Midrand, South Africa"
273,1993,2,Brazilian Grand Prix,1993-03-28,Autódromo José Carlos Pace,"São Paulo, Brazil"
274,1993,3,European Grand Prix,1993-04-11,Donington Park,"Castle Donington, UK"
275,1993,4,San Marino Grand Prix,1993-04-25,Autodromo Enzo e Dino Ferrari,"Imola, Italy"
276,1993,5,Spanish Grand Prix,1993-05-09,Circuit de Barcelona-Catalunya,"Montmeló, Spain"
277,1993,6,Monaco Grand Prix,1993-05-23,Circuit de Monaco,"Monte-Carlo, Monaco"
278,1993,7,Canadian Grand Prix,1993-06-13,Circuit Gilles Villeneuve,"Montreal, Canada"
279,1993,8,French Grand Prix,1993-07-04,Circuit de Nevers Magny-Cours,"Magny Cours, France"
280,1993,9,British Grand Prix,1993-07-11,Silverstone Circuit,"Silverstone, UK"
281,1993,10,German Grand Prix,1993-07-25,Hockenheimring,"Hockenheim, Germany"
282,1993,11,Hungarian Grand Prix,1993-08-15,Hungaroring,"Budapest, Hungary"
283,1993,12,Belgian Grand Prix,1993-08-29,Circuit de Spa-Francorchamps,"Spa, Belgium"
284,1993,13,Italian Grand Prix,1993-09-12,Autodromo Nazionale di Monza,"Monza, Italy"
285,1993,14,Portuguese Grand Prix,1993-09-26,Autódromo do Estoril,"Estoril, Portugal"
286,1993,15,Japanese Grand Prix,1993-10-24,Suzuka Circuit,"Suzuka, Japan"
287,1993,16,Australian Grand Prix,1993-11-07,Adelaide Street Circuit,"Adelaide, Australia"
288,1992,1,South African Grand Prix,1992-03-01,Kyalami,"Midrand, South Africa"
289,1992,2,Mexican Grand Prix,1992-03-22,Autódromo Hermanos Rodríguez,"Mexico City, Mexico"
290,1992,3,Brazilian Grand Prix,1992-04-05,Autódromo José Carlos Pace,"São Paulo, Brazil"
291,1992,4,Spanish Grand Prix,1992-05-03,Circuit de Barcelona-Catalunya,"Montmeló, Spain"
292,1992,5,San Marino Grand Prix,1992-05-17,Autodromo Enzo e Dino Ferrari,"Imola, Italy"
293,1992,6,Monaco Grand Prix,1992-05-31,Circuit de Monaco,"Monte-Carlo, Monaco"
294,1992,7,Canadian Grand Prix,1992-06-14,Circuit Gilles Villeneuve,"Montreal, Canada"
295,1992,8,French Grand Prix,1992-07-05,Circuit de Nevers Magny-Cours,"Magny Cours, France"
296,1992,9,British Grand Prix,1992-07-12,Silverstone Circuit,"Silverstone, UK"
297,1992,10,German Grand Prix,1992-07-26,Hockenheimring,"Hockenheim, Germany"
298,1992,11,Hungarian Grand Prix,1992-08-16,Hungaroring,"Budapest, Hungary"
299,1992,12,Belgian Grand Prix,1992-08-30,Circuit de Spa-Francorchamps,"Spa, Belgium"
300,1992,13,Italian Grand Prix,1992-09-13,Autodromo Nazionale di Monza,"Monza, Italy"
301,1992,14,Portuguese Grand Prix,1992-09-27,Autódromo do Estoril,"Estoril, Portugal"
302,1992,15,Japanese Grand Prix,1992-10-25,Suzuka Circuit,"Suzuka, Japan"
303,1992,16,Australian Grand Prix,1992-11-08,Adelaide Street Circuit,"Adelaide, Australia"
304,1991,1,United States Grand Prix,1991-03-10,Phoenix street circuit,"Phoenix, USA"
305,1991,2,Brazilian Grand Prix,1991-03-24,Autódromo José Carlos Pace,"São Paulo, Brazil"
306,1991,3,San Marino Grand Prix,1991-04-28,Autodromo Enzo e Dino Ferrari,"Imola, Italy"
307,1991,4,Monaco Grand Prix,1991-05-12,Circuit de Monaco,"Monte-Carlo, Monaco"
308,1991,5,Canadian Grand Prix,1991-06-02,Circuit Gilles Villeneuve,"Montreal, Canada"
309,1991,6,Mexican Grand Prix,1991-06-16,Autódromo Hermanos Rodríguez,"Mexico City, Mexico"
310,1991,7,French Grand Prix,1991-07-07,Circuit de Nevers Magny-Cours,"Magny Cours, France"
311,1991,8,British Grand Prix,1991-07-14,Silverstone Circuit,"Silverstone, UK"
312,1991,9,German Grand Prix,1991-07-28,Hockenheimring,"Hockenheim, Germany"
313,1991,10,Hungarian Grand Prix,1991-08-11,Hungaroring,"Budapest, Hungary"
314,1991,11,Belgian Grand Prix,1991-08-25,Circuit de Spa-Francorchamps,"Spa, Belgium"
315,1991,12,Italian Grand Prix,1991-09-08,Autodromo Nazionale di Monza,"Monza, Italy"
316,1991,13,Portuguese Grand Prix,1991-09-22,Autódromo do Estoril,"Estoril, Portugal"
317,1991,14,Spanish Grand Prix,1991-09-29,Circuit de Barcelona-Catalunya,"Montmeló, Spain"
318,1991,15,Japanese Grand Prix,1991-10-20,Suzuka Circuit,"Suzuka, Japan"
319,1991,16,Australian Grand Prix,1991-11-03,Adelaide Street Circuit,"Adelaide, Australia"
320,1990,1,United States Grand Prix,1990-03-11,Phoenix street circuit,"Phoenix, USA"
321,1990,2,Brazilian Grand Prix,1990-03-25,Autódromo José Carlos Pace,"São Paulo, Brazil"
322,1990,3,San Marino Grand Prix,1990-05-13,Autodromo Enzo e Dino Ferrari,"Imola, Italy"
323,1990,4,Monaco Grand Prix,1990-05-27,Circuit de Monaco,"Monte-Carlo, Monaco"
324,1990,5,Canadian Grand Prix,1990-06-10,Circuit Gilles Villeneuve,"Montreal, Canada"
325,1990,6,Mexican Grand Prix,1990-06-24,Autódromo Hermanos Rodríguez,"Mexico City, Mexico"
326,1990,7,French Grand Prix,1990-07-08,Circuit Paul Ricard,"Le Castellet, France"
327,1990,8,British Grand Prix,1990-07-15,Silverstone Circuit,"Silverstone, UK"
328,1990,9,German Grand Prix,1990-07-29,Hockenheimring,"Hockenheim, Germany"
329,1990,10,Hungarian Grand Prix,1990-08-12,Hungaroring,"Budapest, Hungary"
330,1990,11,Belgian Grand Prix,1990-08-26,Circuit de Spa-Francorchamps,"Spa, Belgium"
331,1990,12,Italian Grand Prix,1990-09-09,Autodromo Nazionale di Monza,"Monza, Italy"
332,1990,13,Portuguese Grand Prix,1990-09-23,Autódromo do Estoril,"Estoril, Portugal"
333,1990,14,Spanish Grand Prix,1990-09-30,Circuito de Jerez,"Jerez de la Frontera, Spain"
334,1990,15,Japanese Grand Prix,1990-10-21,Suzuka Circuit,"Suzuka, Japan"
335,1990,16,Australian Grand Prix,1990-11-04,Adelaide Street Circuit,"Adelaide, Australia"
336,2010,1,Bahrain Grand Prix,2010-03-14,Bahrain International Circuit,"Sakhir, Bahrain"
337,2010,2,Australian Grand Prix,2010-03-28,Albert Park Grand Prix Circuit,"Melbourne, Australia"
338,2010,3,Malaysian Grand Prix,2010-04-04,Sepang International Circuit,"Kuala Lumpur, Malaysia"
339,2010,4,Chinese Grand Prix,2010-04-18,Shanghai International Circuit,"Shanghai, China"
340,2010,5,Spanish Grand Prix,2010-05-09,Circuit de Barcelona-Catalunya,"Montmeló, Spain"
341,2010,6,Monaco Grand Prix,2010-05-16,Circuit de Monaco,"Monte-Carlo, Monaco"
342,2010,7,Turkish Grand Prix,2010-05-30,Istanbul Park,"Istanbul, Turkey"
343,2010,8,Canadian Grand Prix,2010-06-13,Circuit Gilles Villeneuve,"Montreal, Canada"
344,2010,9,European Grand Prix,2010-06-27,Valencia Street Circuit,"Valencia, Spain"
345,2010,10,British Grand Prix,2010-07-11,Silverstone Circuit,"Silverstone, UK"
346,2010,11,German Grand Prix,2010-07-25,Hockenheimring,"Hockenheim, Germany"
347,2010,12,Hungarian Grand Prix,2010-08-01,Hungaroring,"Budapest, Hungary"
348,2010,13,Belgian Grand Prix,2010-08-29,Circuit de Spa-Francorchamps,"Spa, Belgium"
349,2010,14,Italian Grand Prix,2010-09-12,Autodromo Nazionale di Monza,"Monza, Italy"
350,2010,15,Singapore Grand Prix,2010-09-26,Marina Bay Street Circuit,"Marina Bay, Singapore"
351,2010,16,Japanese Grand Prix,2010-10-10,Suzuka Circuit,"Suzuka, Japan"
352,2010,17,Korean Grand Prix,2010-10-24,Korean International Circuit,"Yeongam County, Korea"
353,2010,18,Brazilian Grand Prix,2010-11-07,Autódromo José Carlos Pace,"São Paulo, Brazil"
354,2010,19,Abu Dhabi Grand Prix,2010-11-14,Yas Marina Circuit,"Abu Dhabi, UAE"
355,1989,1,Brazilian Grand Prix,1989-03-26,Autódromo Internacional Nelson Piquet,"Rio de Janeiro, Brazil"
356,1989,2,San Marino Grand Prix,1989-04-23,Autodromo Enzo e Dino Ferrari,"Imola, Italy"
357,1989,3,Monaco Grand Prix,1989-05-07,Circuit de Monaco,"Monte-Carlo, Monaco"
358,1989,4,Mexican Grand Prix,1989-05-28,Autódromo Hermanos Rodríguez,"Mexico City, Mexico"
359,1989,5,United States Grand Prix,1989-06-04,Phoenix street circuit,"Phoenix, USA"
360,1989,6,Canadian Grand Prix,1989-06-18,Circuit Gilles Villeneuve,"Montreal, Canada"
361,1989,7,French Grand Prix,1989-07-09,Circuit Paul Ricard,"Le Castellet, France"
362,1989,8,British Grand Prix,1989-07-16,Silverstone Circuit,"Silverstone, UK"
363,1989,9,German Grand Prix,1989-07-30,Hockenheimring,"Hockenheim, Germany"
364,1989,10,Hungarian Grand Prix,1989-08-13,Hungaroring,"Budapest, Hungary"
365,1989,11,Belgian Grand Prix,1989-08-27,Circuit de Spa-Francorchamps,"Spa, Belgium"
366,1989,12,Italian Grand Prix,1989-09-10,Autodromo Nazionale di Monza,"Monza, Italy"
367,1989,13,Portuguese Grand Prix,1989-09-24,Autódromo do Estoril,"Estoril, Portugal"
368,1989,14,Spanish Grand Prix,1989-10-01,Circuito de Jerez,"Jerez de la Frontera, Spain"
369,1989,15,Japanese Grand Prix,1989-10-22,Suzuka Circuit,"Suzuka, Japan"
370,1989,16,Australian Grand Prix,1989-11-05,Adelaide Street Circuit,"Adelaide, Australia"
371,1988,1,Brazilian Grand Prix,1988-04-03,Autódromo Internacional Nelson Piquet,"Rio de Janeiro, Brazil"
372,1988,2,San Marino Grand Prix,1988-05-01,Autodromo Enzo e Dino Ferrari,"Imola, Italy"
373,1988,3,Monaco Grand Prix,1988-05-15,Circuit de Monaco,"Monte-Carlo, Monaco"
374,1988,4,Mexican Grand Prix,1988-05-29,Autódromo Hermanos Rodríguez,"Mexico City, Mexico"
375,1988,5,Canadian Grand Prix,1988-06-12,Circuit Gilles Villeneuve,"Montreal, Canada"
376,1988,6,Detroit Grand Prix,1988-06-19,Detroit Street Circuit,"Detroit, USA"
377,1988,7,French Grand Prix,1988-07-03,Circuit Paul Ricard,"Le Castellet, France"
378,1988,8,British Grand Prix,1988-07-10,Silverstone Circuit,"Silverstone, UK"
379,1988,9,German Grand Prix,1988-07-24,Hockenheimring,"Hockenheim, Germany"
380,1988,10,Hungarian Grand Prix,1988-08-07,Hungaroring,"Budapest, Hungary"
381,1988,11,Belgian Grand Prix,1988-08-28,Circuit de Spa-Francorchamps,"Spa, Belgium"
382,1988,12,Italian Grand Prix,1988-09-11,Autodromo Nazionale di Monza,"Monza, Italy"
383,1988,13,Portuguese Grand Prix,1988-09-25,Autódromo do Estoril,"Estoril, Portugal"
384,1988,14,Spanish Grand Prix,1988-10-02,Circuito de Jerez,"Jerez de la Frontera, Spain"
385,1988,15,Japanese Grand Prix,1988-10-30,Suzuka Circuit,"Suzuka, Japan"
386,1988,16,Australian Grand Prix,1988-11-13,Adelaide Street Circuit,"Adelaide, Australia"
387,1987,1,Brazilian Grand Prix,1987-04-12,Autódromo Internacional Nelson Piquet,"Rio de Janeiro, Brazil"
388,1987,2,San Marino Grand Prix,1987-05-03,Autodromo Enzo e Dino Ferrari,"Imola, Italy"
389,1987,3,Belgian Grand Prix,1987-05-17,Circuit de Spa-Francorchamps,"Spa, Belgium"
390,1987,4,Monaco Grand Prix,1987-05-31,Circuit de Monaco,"Monte-Carlo, Monaco"
391,1987,5,Detroit Grand Prix,1987-06-21,Detroit Street Circuit,"Detroit, USA"
392,1987,6,French Grand Prix,1987-07-05,Circuit Paul Ricard,"Le Castellet, France"
393,1987,7,British Grand Prix,1987-07-12,Silverstone Circuit,"Silverstone, UK"
394,1987,8,German Grand Prix,1987-07-26,Hockenheimring,"Hockenheim, Germany"
395,1987,9,Hungarian Grand Prix,1987-08-09,Hungaroring,"Budapest, Hungary"
396,1987,10,Austrian Grand Prix,1987-08-16,Red Bull Ring,"Spielberg, Austria"
397,1987,11,Italian Grand Prix,1987-09-06,Autodromo Nazionale di Monza,"Monza, Italy"
398,1987,12,Portuguese Grand Prix,1987-09-20,Autódromo do Estoril,"Estoril, Portugal"
399,1987,13,Spanish Grand Prix,1987-09-27,Circuito de Jerez,"Jerez de la Frontera, Spain"
400,1987,14,Mexican Grand Prix,1987-10-18,Autódromo Hermanos Rodríguez,"Mexico City, Mexico"
401,1987,15,Japanese Grand Prix,1987-11-01,Suzuka Circuit,"Suzuka, Japan"
402,1987,16,Australian Grand Prix,1987-11-15,Adelaide Street Circuit,"Adelaide, Australia"
403,1986,1,Brazilian Grand Prix,1986-03-23,Autódromo Internacional Nelson Piquet,"Rio de Janeiro, Brazil"
404,1986,2,Spanish Grand Prix,1986-04-13,Circuito de Jerez,"Jerez de la Frontera, Spain"
405,1986,3,San Marino Grand Prix,1986-04-27,Autodromo Enzo e Dino Ferrari,"Imola, Italy"
406,1986,4,Monaco Grand Prix,1986-05-11,Circuit de Monaco,"Monte-Carlo, Monaco"
407,1986,5,Belgian Grand Prix,1986-05-25,Circuit de Spa-Francorchamps,"Spa, Belgium"
408,1986,6,Canadian Grand Prix,1986-06-15,Circuit Gilles Villeneuve,"Montreal, Canada"
409,1986,7,Detroit Grand Prix,1986-06-22,Detroit Street Circuit,"Detroit, USA"
410,1986,8,French Grand Prix,1986-07-06,Circuit Paul Ricard,"Le Castellet, France"
411,1986,9,British Grand Prix,1986-07-13,Brands Hatch,"Kent, UK"
412,1986,10,German Grand Prix,1986-07-27,Hockenheimring,"Hockenheim, Germany"
413,1986,11,Hungarian Grand Prix,1986-08-10,Hungaroring,"Budapest, Hungary"
414,1986,12,Austrian Grand Prix,1986-08-17,Red Bull Ring,"Spielberg, Austria"
415,1986,13,Italian Grand Prix,1986-09-07,Autodromo Nazionale di Monza,"Monza, Italy"
416,1986,14,Portuguese Grand Prix,1986-09-21,Autódromo do Estoril,"Estoril, Portugal"
417,1986,15,Mexican Grand Prix,1986-10-12,Autódromo Hermanos Rodríguez,"Mexico City, Mexico"
418,1986,16,Australian Grand Prix,1986-10-26,Adelaide Street Circuit,"Adelaide, Australia"
419,1985,1,Brazilian Grand Prix,1985-04-07,Autódromo Internacional Nelson Piquet,"Rio de Janeiro, Brazil"
420,1985,2,Portuguese Grand Prix,1985-04-21,Autódromo do Estoril,"Estoril, Portugal"
421,1985,3,San Marino Grand Prix,1985-05-05,Autodromo Enzo e Dino Ferrari,"Imola, Italy"
422,1985,4,Monaco Grand Prix,1985-05-19,Circuit de Monaco,"Monte-Carlo, Monaco"
423,1985,5,Canadian Grand Prix,1985-06-16,Circuit Gilles Villeneuve,"Montreal, Canada"
424,1985,6,Detroit Grand Prix,1985-06-23,Detroit Street Circuit,"Detroit, USA"
425,1985,7,French Grand Prix,1985-07-07,Circuit Paul Ricard,"Le Castellet, France"
426,1985,8,British Grand Prix,1985-07-21,Silverstone Circuit,"Silverstone, UK"
427,1985,9,German Grand Prix,1985-08-04,Nürburgring,"Nürburg, Germany"
428,1985,10,Austrian Grand Prix,1985-08-18,Red Bull Ring,"Spielberg, Austria"
429,1985,11,Dutch Grand Prix,1985-08-25,Circuit Park Zandvoort,"Zandvoort, Netherlands"
430,1985,12,Italian Grand Prix,1985-09-08,Autodromo Nazionale di Monza,"Monza, Italy"
431,1985,13,Belgian Grand Prix,1985-09-15,Circuit de Spa-Francorchamps,"Spa, Belgium"
432,1985,14,European Grand Prix,1985-10-06,Brands Hatch,"Kent, UK"
433,1985,15,South African Grand Prix,1985-10-19,Kyalami,"Midrand, South Africa"
434,1985,16,Australian Grand Prix,1985-11-03,Adelaide Street Circuit,"Adelaide, Australia"
435,1984,1,Brazilian Grand Prix,1984-03-25,Autódromo Internacional Nelson Piquet,"Rio de Janeiro, Brazil"
436,1984,2,South African Grand Prix,1984-04-07,Kyalami,"Midrand, South Africa"
437,1984,3,Belgian Grand Prix,1984-04-29,Zolder,"Heusden-Zolder, Belgium"
438,1984,4,San Marino Grand Prix,1984-05-06,Autodromo Enzo e Dino Ferrari,"Imola, Italy"
439,1984,5,French Grand Prix,1984-05-20,Dijon-Prenois,"Dijon, France"
440,1984,6,Monaco Grand Prix,1984-06-03,Circuit de Monaco,"Monte-Carlo, Monaco"
441,1984,7,Canadian Grand Prix,1984-06-17,Circuit Gilles Villeneuve,"Montreal, Canada"
442,1984,8,Detroit Grand Prix,1984-06-24,Detroit Street Circuit,"Detroit, USA"
443,1984,9,Dallas Grand Prix,1984-07-08,Fair Park,"Dallas, USA"
444,1984,10,British Grand Prix,1984-07-22,Brands Hatch,"Kent, UK"
445,1984,11,German Grand Prix,1984-08-05,Hockenheimring,"Hockenheim, Germany"
446,1984,12,Austrian Grand Prix,1984-08-19,Red Bull Ring,"Spielberg, Austria"
447,1984,13,Dutch Grand Prix,1984-08-26,Circuit Park Zandvoort,"Zandvoort, Netherlands"
448,1984,14,Italian Grand Prix,1984-09-09,Autodromo Nazionale di Monza,"Monza, Italy"
449,1984,15,European Grand Prix,1984-10-07,Nürburgring,"Nürburg, Germany"
450,1984,16,Portuguese Grand Prix,1984-10-21,Autódromo do Estoril,"Estoril, Portugal"
451,1983,1,Brazilian Grand Prix,1983-03-13,Autódromo Internacional Nelson Piquet,"Rio de Janeiro, Brazil"
452,1983,2,United States Grand Prix West,1983-03-27,Long Beach,"California, USA"
453,1983,3,French Grand Prix,1983-04-17,Circuit Paul Ricard,"Le Castellet, France"
454,1983,4,San Marino Grand Prix,1983-05-01,Autodromo Enzo e Dino Ferrari,"Imola, Italy"
455,1983,5,Monaco Grand Prix,1983-05-15,Circuit de Monaco,"Monte-Carlo, Monaco"
456,1983,6,Belgian Grand Prix,1983-05-22,Circuit de Spa-Francorchamps,"Spa, Belgium"
457,1983,7,Detroit Grand Prix,1983-06-05,Detroit Street Circuit,"Detroit, USA"
458,1983,8,Canadian Grand Prix,1983-06-12,Circuit Gilles Villeneuve,"Montreal, Canada"
459,1983,9,British Grand Prix,1983-07-16,Silverstone Circuit,"Silverstone, UK"
460,1983,10,German Grand Prix,1983-08-07,Hockenheimring,"Hockenheim, Germany"
461,1983,11,Austrian Grand Prix,1983-08-14,Red Bull Ring,"Spielberg, Austria"
462,1983,12,Dutch Grand Prix,1983-08-28,Circuit Park Zandvoort,"Zandvoort, Netherlands"
463,1983,13,Italian Grand Prix,1983-09-11,Autodromo Nazionale di Monza,"Monza, Italy"
464,1983,14,European Grand Prix,1983-09-25,Brands Hatch,"Kent, UK"
465,1983,15,South African Grand Prix,1983-10-15,Kyalami,"Midrand, South Africa"
466,1982,1,South African Grand Prix,1982-01-23,Kyalami,"Midrand, South Africa"
467,1982,2,Brazilian Grand Prix,1982-03-21,Autódromo Internacional Nelson Piquet,"Rio de Janeiro, Brazil"
468,1982,3,United States Grand Prix West,1982-04-04,Long Beach,"California, USA"
469,1982,4,San Marino Grand Prix,1982-04-25,Autodromo Enzo e Dino Ferrari,"Imola, Italy"
470,1982,5,Belgian Grand Prix,1982-05-09,Zolder,"Heusden-Zolder, Belgium"
471,1982,6,Monaco Grand Prix,1982-05-23,Circuit de Monaco,"Monte-Carlo, Monaco"
472,1982,7,Detroit Grand Prix,1982-06-06,Detroit Street Circuit,"Detroit, USA"
473,1982,8,Canadian Grand Prix,1982-06-13,Circuit Gilles Villeneuve,"Montreal, Canada"
474,1982,9,Dutch Grand Prix,1982-07-03,Circuit Park Zandvoort,"Zandvoort, Netherlands"
475,1982,10,British Grand Prix,1982-07-18,Brands Hatch,"Kent, UK"
476,1982,11,French Grand Prix,1982-07-25,Circuit Paul Ricard,"Le Castellet, France"
477,1982,12,German Grand Prix,1982-08-08,Hockenheimring,"Hockenheim, Germany"
478,1982,13,Austrian Grand Prix,1982-08-15,Red Bull Ring,"Spielberg, Austria"
479,1982,14,Swiss Grand Prix,1982-08-29,Dijon-Prenois,"Dijon, France"
480,1982,15,Italian Grand Prix,1982-09-12,Autodromo Nazionale di Monza,"Monza, Italy"
481,1982,16,Caesars Palace Grand Prix,1982-09-25,Las Vegas Street Circuit,"Nevada, USA"
482,1981,1,United States Grand Prix West,1981-03-15,Long Beach,"California, USA"
483,1981,2,Brazilian Grand Prix,1981-03-29,Autódromo Internacional Nelson Piquet,"Rio de Janeiro, Brazil"
484,1981,3,Argentine Grand Prix,1981-04-12,Autódromo Juan y Oscar Gálvez,"Buenos Aires, Argentina"
485,1981,4,San Marino Grand Prix,1981-05-03,Autodromo Enzo e Dino Ferrari,"Imola, Italy"
486,1981,5,Belgian Grand Prix,1981-05-17,Zolder,"Heusden-Zolder, Belgium"
487,1981,6,Monaco Grand Prix,1981-05-31,Circuit de Monaco,"Monte-Carlo, Monaco"
488,1981,7,Spanish Grand Prix,1981-06-21,Jarama,"Madrid, Spain"
489,1981,8,French Grand Prix,1981-07-05,Dijon-Prenois,"Dijon, France"
490,1981,9,British Grand Prix,1981-07-18,Silverstone Circuit,"Silverstone, UK"
491,1981,10,German Grand Prix,1981-08-02,Hockenheimring,"Hockenheim, Germany"
492,1981,11,Austrian Grand Prix,1981-08-16,Red Bull Ring,"Spielberg, Austria"
493,1981,12,Dutch Grand Prix,1981-08-30,Circuit Park Zandvoort,"Zandvoort, Netherlands"
494,1981,13,Italian Grand Prix,1981-09-13,Autodromo Nazionale di Monza,"Monza, Italy"
495,1981,14,Canadian Grand Prix,1981-09-27,Circuit Gilles Villeneuve,"Montreal, Canada"
496,1981,15,Caesars Palace Grand Prix,1981-10-17,Las Vegas Street Circuit,"Nevada, USA"
497,1980,1,Argentine Grand Prix,1980-01-13,Autódromo Juan y Oscar Gálvez,"Buenos Aires, Argentina"
498,1980,2,Brazilian Grand Prix,1980-01-27,Autódromo José Carlos Pace,"São Paulo, Brazil"
499,1980,3,South African Grand Prix,1980-03-01,Kyalami,"Midrand, South Africa"
500,1980,4,United States Grand Prix West,1980-03-30,Long Beach,"California, USA"
501,1980,5,Belgian Grand Prix,1980-05-04,Zolder,"Heusden-Zolder, Belgium"
502,1980,6,Monaco Grand Prix,1980-05-18,Circuit de Monaco,"Monte-Carlo, Monaco"
503,1980,7,French Grand Prix,1980-06-29,Circuit Paul Ricard,"Le Castellet, France"
504,1980,8,British Grand Prix,1980-07-13,Brands Hatch,"Kent, UK"
505,1980,9,German Grand Prix,1980-08-10,Hockenheimring,"Hockenheim, Germany"
506,1980,10,Austrian Grand Prix,1980-08-17,Red Bull Ring,"Spielberg, Austria"
507,1980,11,Dutch Grand Prix,1980-08-31,Circuit Park Zandvoort,"Zandvoort, Netherlands"
508,1980,12,Italian Grand Prix,1980-09-14,Autodromo Enzo e Dino Ferrari,"Imola, Italy"
509,1980,13,Canadian Grand Prix,1980-09-28,Circuit Gilles Villeneuve,"Montreal, Canada"
510,1980,14,United States Grand Prix,1980-10-05,Watkins Glen,"New York State, USA"
511,1979,1,Argentine Grand Prix,1979-01-21,Autódromo Juan y Oscar Gálvez,"Buenos Aires, Argentina"
512,1979,2,Brazilian Grand Prix,1979-02-04,Autódromo José Carlos Pace,"São Paulo, Brazil"
513,1979,3,South African Grand Prix,1979-03-03,Kyalami,"Midrand, South Africa"
514,1979,4,United States Grand Prix West,1979-04-08,Long Beach,"California, USA"
515,1979,5,Spanish Grand Prix,1979-04-29,Jarama,"Madrid, Spain"
516,1979,6,Belgian Grand Prix,1979-05-13,Zolder,"Heusden-Zolder, Belgium"
517,1979,7,Monaco Grand Prix,1979-05-27,Circuit de Monaco,"Monte-Carlo, Monaco"
518,1979,8,French Grand Prix,1979-07-01,Dijon-Prenois,"Dijon, France"
519,1979,9,British Grand Prix,1979-07-14,Silverstone Circuit,"Silverstone, UK"
520,1979,10,German Grand Prix,1979-07-29,Hockenheimring,"Hockenheim, Germany"
521,1979,11,Austrian Grand Prix,1979-08-12,Red Bull Ring,"Spielberg, Austria"
522,1979,12,Dutch Grand Prix,1979-08-26,Circuit Park Zandvoort,"Zandvoort, Netherlands"
523,1979,13,Italian Grand Prix,1979-09-09,Autodromo Nazionale di Monza,"Monza, Italy"
524,1979,14,Canadian Grand Prix,1979-09-30,Circuit Gilles Villeneuve,"Montreal, Canada"
525,1979,15,United States Grand Prix,1979-10-07,Watkins Glen,"New York State, USA"
526,1978,1,Argentine Grand Prix,1978-01-15,Autódromo Juan y Oscar Gálvez,"Buenos Aires, Argentina"
527,1978,2,Brazilian Grand Prix,1978-01-29,Autódromo Internacional Nelson Piquet,"Rio de Janeiro, Brazil"
528,1978,3,South African Grand Prix,1978-03-04,Kyalami,"Midrand, South Africa"
529,1978,4,United States Grand Prix West,1978-04-02,Long Beach,"California, USA"
530,1978,5,Monaco Grand Prix,1978-05-07,Circuit de Monaco,"Monte-Carlo, Monaco"
531,1978,6,Belgian Grand Prix,1978-05-21,Zolder,"Heusden-Zolder, Belgium"
532,1978,7,Spanish Grand Prix,1978-06-04,Jarama,"Madrid, Spain"
533,1978,8,Swedish Grand Prix,1978-06-17,Scandinavian Raceway,"Anderstorp, Sweden"
534,1978,9,French Grand Prix,1978-07-02,Circuit Paul Ricard,"Le Castellet, France"
535,1978,10,British Grand Prix,1978-07-16,Brands Hatch,"Kent, UK"
536,1978,11,German Grand Prix,1978-07-30,Hockenheimring,"Hockenheim, Germany"
537,1978,12,Austrian Grand Prix,1978-08-13,Red Bull Ring,"Spielberg, Austria"
538,1978,13,Dutch Grand Prix,1978-08-27,Circuit Park Zandvoort,"Zandvoort, Netherlands"
539,1978,14,Italian Grand Prix,1978-09-10,Autodromo Nazionale di Monza,"Monza, Italy"
540,1978,15,United States Grand Prix,1978-10-01,Watkins Glen,"New York State, USA"
541,1978,16,Canadian Grand Prix,1978-10-08,Circuit Gilles Villeneuve,"Montreal, Canada"
542,1977,1,Argentine Grand Prix,1977-01-09,Autódromo Juan y Oscar Gálvez,"Buenos Aires, Argentina"
543,1977,2,Brazilian Grand Prix,1977-01-23,Autódromo José Carlos Pace,"São Paulo, Brazil"
544,1977,3,South African Grand Prix,1977-03-05,Kyalami,"Midrand, South Africa"
545,1977,4,United States Grand Prix West,1977-04-03,Long Beach,"California, USA"
546,1977,5,Spanish Grand Prix,1977-05-08,Jarama,"Madrid, Spain"
547,1977,6,Monaco Grand Prix,1977-05-22,Circuit de Monaco,"Monte-Carlo, Monaco"
548,1977,7,Belgian Grand Prix,1977-06-05,Zolder,"Heusden-Zolder, Belgium"
549,1977,8,Swedish Grand Prix,1977-06-19,Scandinavian Raceway,"Anderstorp, Sweden"
550,1977,9,French Grand Prix,1977-07-03,Dijon-Prenois,"Dijon, France"
551,1977,10,British Grand Prix,1977-07-16,Silverstone Circuit,"Silverstone, UK"
552,1977,11,German Grand Prix,1977-07-31,Hockenheimring,"Hockenheim, Germany"
553,1977,12,Austrian Grand Prix,1977-08-14,Red Bull Ring,"Spielberg, Austria"
554,1977,13,Dutch Grand Prix,1977-08-28,Circuit Park Zandvoort,"Zandvoort, Netherlands"
555,1977,14,Italian Grand Prix,1977-09-11,Autodromo Nazionale di Monza,"Monza, Italy"
556,1977,15,United States Grand Prix,1977-10-02,Watkins Glen,"New York State, USA"
557,1977,16,Canadian Grand Prix,1977-10-09,Mosport International Raceway,"Ontario, Canada"
558,1977,17,Japanese Grand Prix,1977-10-23,Fuji Speedway,"Oyama, Japan"
559,1976,1,Brazilian Grand Prix,1976-01-25,Autódromo José Carlos Pace,"São Paulo, Brazil"
560,1976,2,South African Grand Prix,1976-03-06,Kyalami,"Midrand, South Africa"
561,1976,3,United States Grand Prix West,1976-03-28,Long Beach,"California, USA"
562,1976,4,Spanish Grand Prix,1976-05-02,Jarama,"Madrid, Spain"
563,1976,5,Belgian Grand Prix,1976-05-16,Zolder,"Heusden-Zolder, Belgium"
564,1976,6,Monaco Grand Prix,1976-05-30,Circuit de Monaco,"Monte-Carlo, Monaco"
565,1976,7,Swedish Grand Prix,1976-06-13,Scandinavian Raceway,"Anderstorp, Sweden"
566,1976,8,French Grand Prix,1976-07-04,Circuit Paul Ricard,"Le Castellet, France"
567,1976,9,British Grand Prix,1976-07-18,Brands Hatch,"Kent, UK"
568,1976,10,German Grand Prix,1976-08-01,Nürburgring,"Nürburg, Germany"
569,1976,11,Austrian Grand Prix,1976-08-15,Red Bull Ring,"Spielberg, Austria"
570,1976,12,Dutch Grand Prix,1976-08-29,Circuit Park Zandvoort,"Zandvoort, Netherlands"
571,1976,13,Italian Grand Prix,1976-09-12,Autodromo Nazionale di Monza,"Monza, Italy"
572,1976,14,Canadian Grand Prix,1976-10-03,Mosport International Raceway,"Ontario, Canada"
573,1976,15,United States Grand Prix,1976-10-10,Watkins Glen,"New York State, USA"
574,1976,16,Japanese Grand Prix,1976-10-24,Fuji Speedway,"Oyama, Japan"
575,1975,1,Argentine Grand Prix,1975-01-12,Autódromo Juan y Oscar Gálvez,"Buenos Aires, Argentina"
576,1975,2,Brazilian Grand Prix,1975-01-26,Autódromo José Carlos Pace,"São Paulo, Brazil"
577,1975,3,South African Grand Prix,1975-03-01,Kyalami,"Midrand, South Africa"
578,1975,4,Spanish Grand Prix,1975-04-27,Montjuïc,"Barcelona, Spain"
579,1975,5,Monaco Grand Prix,1975-05-11,Circuit de Monaco,"Monte-Carlo, Monaco"
580,1975,6,Belgian Grand Prix,1975-05-25,Zolder,"Heusden-Zolder, Belgium"
581,1975,7,Swedish Grand Prix,1975-06-08,Scandinavian Raceway,"Anderstorp, Sweden"
582,1975,8,Dutch Grand Prix,1975-06-22,Circuit Park Zandvoort,"Zandvoort, Netherlands"
583,1975,9,French Grand Prix,1975-07-06,Circuit Paul Ricard,"Le Castellet, France"
584,1975,10,British Grand Prix,1975-07-19,Silverstone Circuit,"Silverstone, UK"
585,1975,11,German Grand Prix,1975-08-03,Nürburgring,"Nürburg, Germany"
586,1975,12,Austrian Grand Prix,1975-08-17,Red Bull Ring,"Spielberg, Austria"
587,1975,13,Italian Grand Prix,1975-09-07,Autodromo Nazionale di Monza,"Monza, Italy"
588,1975,14,United States Grand Prix,1975-10-05,Watkins Glen,"New York State, USA"
589,1974,1,Argentine Grand Prix,1974-01-13,Autódromo Juan y Oscar Gálvez,"Buenos Aires, Argentina"
590,1974,2,Brazilian Grand Prix,1974-01-27,Autódromo José Carlos Pace,"São Paulo, Brazil"
591,1974,3,South African Grand Prix,1974-03-30,Kyalami,"Midrand, South Africa"
592,1974,4,Spanish Grand Prix,1974-04-28,Jarama,"Madrid, Spain"
593,1974,5,Belgian Grand Prix,1974-05-12,Nivelles-Baulers,"Brussels, Belgium"
594,1974,6,Monaco Grand Prix,1974-05-26,Circuit de Monaco,"Monte-Carlo, Monaco"
595,1974,7,Swedish Grand Prix,1974-06-09,Scandinavian Raceway,"Anderstorp, Sweden"
596,1974,8,Dutch Grand Prix,1974-06-23,Circuit Park Zandvoort,"Zandvoort, Netherlands"
597,1974,9,French Grand Prix,1974-07-07,Dijon-Prenois,"Dijon, France"
598,1974,10,British Grand Prix,1974-07-20,Brands Hatch,"Kent, UK"
599,1974,11,German Grand Prix,1974-08-04,Nürburgring,"Nürburg, Germany"
600,1974,12,Austrian Grand Prix,1974-08-18,Red Bull Ring,"Spielberg, Austria"
601,1974,13,Italian Grand Prix,1974-09-08,Autodromo Nazionale di Monza,"Monza, Italy"
602,1974,14,Canadian Grand Prix,1974-09-22,Mosport International Raceway,"Ontario, Canada"
603,1974,15,United States Grand Prix,1974-10-06,Watkins Glen,"New York State, USA"
604,1973,1,Argentine Grand Prix,1973-01-28,Autódromo Juan y Oscar Gálvez,"Buenos Aires, Argentina"
605,1973,2,Brazilian Grand Prix,1973-02-11,Autódromo José Carlos Pace,"São Paulo, Brazil"
606,1973,3,South African Grand Prix,1973-03-03,Kyalami,"Midrand, South Africa"
607,1973,4,Spanish Grand Prix,1973-04-29,Montjuïc,"Barcelona, Spain"
608,1973,5,Belgian Grand Prix,1973-05-20,Zolder,"Heusden-Zolder, Belgium"
609,1973,6,Monaco Grand Prix,1973-06-03,Circuit de Monaco,"Monte-Carlo, Monaco"
610,1973,7,Swedish Grand Prix,1973-06-17,Scandinavian Raceway,"Anderstorp, Sweden"
611,1973,8,French Grand Prix,1973-07-01,Circuit Paul Ricard,"Le Castellet, France"
612,1973,9,British Grand Prix,1973-07-14,Silverstone Circuit,"Silverstone, UK"
613,1973,10,Dutch Grand Prix,1973-07-29,Circuit Park Zandvoort,"Zandvoort, Netherlands"
614,1973,11,German Grand Prix,1973-08-05,Nürburgring,"Nürburg, Germany"
615,1973,12,Austrian Grand Prix,1973-08-19,Red Bull Ring,"Spielberg, Austria"
616,1973,13,Italian Grand Prix,1973-09-09,Autodromo Nazionale di Monza,"Monza, Italy"
617,1973,14,Canadian Grand Prix,1973-09-23,Mosport International Raceway,"Ontario, Canada"
618,1973,15,United States Grand Prix,1973-10-07,Watkins Glen,"New York State, USA"
619,1972,1,Argentine Grand Prix,1972-01-23,Autódromo Juan y Oscar Gálvez,"Buenos Aires, Argentina"
620,1972,2,South African Grand Prix,1972-03-04,Kyalami,"Midrand, South Africa"
621,1972,3,Spanish Grand Prix,1972-05-01,Jarama,"Madrid, Spain"
622,1972,4,Monaco Grand Prix,1972-05-14,Circuit de Monaco,"Monte-Carlo, Monaco"
623,1972,5,Belgian Grand Prix,1972-06-04,Nivelles-Baulers,"Brussels, Belgium"
624,1972,6,French Grand Prix,1972-07-02,Charade Circuit,"Clermont-Ferrand, France"
625,1972,7,British Grand Prix,1972-07-15,Brands Hatch,"Kent, UK"
626,1972,8,German Grand Prix,1972-07-30,Nürburgring,"Nürburg, Germany"
627,1972,9,Austrian Grand Prix,1972-08-13,Red Bull Ring,"Spielberg, Austria"
628,1972,10,Italian Grand Prix,1972-09-10,Autodromo Nazionale di Monza,"Monza, Italy"
629,1972,11,Canadian Grand Prix,1972-09-24,Mosport International Raceway,"Ontario, Canada"
630,1972,12,United States Grand Prix,1972-10-08,Watkins Glen,"New York State, USA"
631,1971,1,South African Grand Prix,1971-03-06,Kyalami,"Midrand, South Africa"
632,1971,2,Spanish Grand Prix,1971-04-18,Montjuïc,"Barcelona, Spain"
633,1971,3,Monaco Grand Prix,1971-05-23,Circuit de Monaco,"Monte-Carlo, Monaco"
634,1971,4,Dutch Grand Prix,1971-06-20,Circuit Park Zandvoort,"Zandvoort, Netherlands"
635,1971,5,French Grand Prix,1971-07-04,Circuit Paul Ricard,"Le Castellet, France"
636,1971,6,British Grand Prix,1971-07-17,Silverstone Circuit,"Silverstone, UK"
637,1971,7,German Grand Prix,1971-08-01,Nürburgring,"Nürburg, Germany"
638,1971,8,Austrian Grand Prix,1971-08-15,Red Bull Ring,"Spielberg, Austria"
639,1971,9,Italian Grand Prix,1971-09-05,Autodromo Nazionale di Monza,"Monza, Italy"
640,1971,10,Canadian Grand Prix,1971-09-19,Mosport International Raceway,"Ontario, Canada"
641,1971,11,United States Grand Prix,1971-10-03,Watkins Glen,"New York State, USA"
642,1970,1,South African Grand Prix,1970-03-07,Kyalami,"Midrand, South Africa"
643,1970,2,Spanish Grand Prix,1970-04-19,Jarama,"Madrid, Spain"
644,1970,3,Monaco Grand Prix,1970-05-10,Circuit de Monaco,"Monte-Carlo, Monaco"
645,1970,4,Belgian Grand Prix,1970-06-07,Circuit de Spa-Francorchamps,"Spa, Belgium"
646,1970,5,Dutch Grand Prix,1970-06-21,Circuit Park Zandvoort,"Zandvoort, Netherlands"
647,1970,6,French Grand Prix,1970-07-05,Charade Circuit,"Clermont-Ferrand, France"
648,1970,7,British Grand Prix,1970-07-18,Brands Hatch,"Kent, UK"
649,1970,8,German Grand Prix,1970-08-02,Hockenheimring,"Hockenheim, Germany"
650,1970,9,Austrian Grand Prix,1970-08-16,Red Bull Ring,"Spielberg, Austria"
651,1970,10,Italian Grand Prix,1970-09-06,Autodromo Nazionale di Monza,"Monza, Italy"
652,1970,11,Canadian Grand Prix,1970-09-20,Circuit Mont-Tremblant,"Quebec, Canada"
653,1970,12,United States Grand Prix,1970-10-04,Watkins Glen,"New York State, USA"
654,1970,13,Mexican Grand Prix,1970-10-25,Autódromo Hermanos Rodríguez,"Mexico City, Mexico"
655,1969,1,South African Grand Prix,1969-03-01,Kyalami,"Midrand, South Africa"
656,1969,2,Spanish Grand Prix,1969-05-04,Montjuïc,"Barcelona, Spain"
657,1969,3,Monaco Grand Prix,1969-05-18,Circuit de Monaco,"Monte-Carlo, Monaco"
658,1969,4,Dutch Grand Prix,1969-06-21,Circuit Park Zandvoort,"Zandvoort, Netherlands"
659,1969,5,French Grand Prix,1969-07-06,Charade Circuit,"Clermont-Ferrand, France"
660,1969,6,British Grand Prix,1969-07-19,Silverstone Circuit,"Silverstone, UK"
661,1969,7,German Grand Prix,1969-08-03,Nürburgring,"Nürburg, Germany"
662,1969,8,Italian Grand Prix,1969-09-07,Autodromo Nazionale di Monza,"Monza, Italy"
663,1969,9,Canadian Grand Prix,1969-09-20,Mosport International Raceway,"Ontario, Canada"
664,1969,10,United States Grand Prix,1969-10-05,Watkins Glen,"New York State, USA"
665,1969,11,Mexican Grand Prix,1969-10-19,Autódromo Hermanos Rodríguez,"Mexico City, Mexico"
666,1968,1,South African Grand Prix,1968-01-01,Kyalami,"Midrand, South Africa"
667,1968,2,Spanish Grand Prix,1968-05-12,Jarama,"Madrid, Spain"
668,1968,3,Monaco Grand Prix,1968-05-26,Circuit de Monaco,"Monte-Carlo, Monaco"
669,1968,4,Belgian Grand Prix,1968-06-09,Circuit de Spa-Francorchamps,"Spa, Belgium"
670,1968,5,Dutch Grand Prix,1968-06-23,Circuit Park Zandvoort,"Zandvoort, Netherlands"
671,1968,6,French Grand Prix,1968-07-07,Rouen-Les-Essarts,"Rouen, France"
672,1968,7,British Grand Prix,1968-07-20,Brands Hatch,"Kent, UK"
673,1968,8,German Grand Prix,1968-08-04,Nürburgring,"Nürburg, Germany"
674,1968,9,Italian Grand Prix,1968-09-08,Autodromo Nazionale di Monza,"Monza, Italy"
675,1968,10,Canadian Grand Prix,1968-09-22,Circuit Mont-Tremblant,"Quebec, Canada"
676,1968,11,United States Grand Prix,1968-10-06,Watkins Glen,"New York State, USA"
677,1968,12,Mexican Grand Prix,1968-11-03,Autódromo Hermanos Rodríguez,"Mexico City, Mexico"
678,1967,1,South African Grand Prix,1967-01-02,Kyalami,"Midrand, South Africa"
679,1967,2,Monaco Grand Prix,1967-05-07,Circuit de Monaco,"Monte-Carlo, Monaco"
680,1967,3,Dutch Grand Prix,1967-06-04,Circuit Park Zandvoort,"Zandvoort, Netherlands"
681,1967,4,Belgian Grand Prix,1967-06-18,Circuit de Spa-Francorchamps,"Spa, Belgium"
682,1967,5,French Grand Prix,1967-07-02,Le Mans,"Le Mans, France"
683,1967,6,British Grand Prix,1967-07-15,Silverstone Circuit,"Silverstone, UK"
684,1967,7,German Grand Prix,1967-08-06,Nürburgring,"Nürburg, Germany"
685,1967,8,Canadian Grand Prix,1967-08-27,Mosport International Raceway,"Ontario, Canada"
686,1967,9,Italian Grand Prix,1967-09-10,Autodromo Nazionale di Monza,"Monza, Italy"
687,1967,10,United States Grand Prix,1967-10-01,Watkins Glen,"New York State, USA"
688,1967,11,Mexican Grand Prix,1967-10-22,Autódromo Hermanos Rodríguez,"Mexico City, Mexico"
689,1966,1,Monaco Grand Prix,1966-05-22,Circuit de Monaco,"Monte-Carlo, Monaco"
690,1966,2,Belgian Grand Prix,1966-06-12,Circuit de Spa-Francorchamps,"Spa, Belgium"
691,1966,3,French Grand Prix,1966-07-03,Reims-Gueux,"Reims, France"
692,1966,4,British Grand Prix,1966-07-16,Brands Hatch,"Kent, UK"
693,1966,5,Dutch Grand Prix,1966-07-24,Circuit Park Zandvoort,"Zandvoort, Netherlands"
694,1966,6,German Grand Prix,1966-08-07,Nürburgring,"Nürburg, Germany"
695,1966,7,Italian Grand Prix,1966-09-04,Autodromo Nazionale di Monza,"Monza, Italy"
696,1966,8,United States Grand Prix,1966-10-02,Watkins Glen,"New York State, USA"
697,1966,9,Mexican Grand Prix,1966-10-23,Autódromo Hermanos Rodríguez,"Mexico City, Mexico"
698,1965,1,South African Grand Prix,1965-01-01,Prince George Circuit,"Eastern Cape Province, South Africa"
699,1965,2,Monaco Grand Prix,1965-05-30,Circuit de Monaco,"Monte-Carlo, Monaco"
700,1965,3,Belgian Grand Prix,1965-06-13,Circuit de Spa-Francorchamps,"Spa, Belgium"
701,1965,4,French Grand Prix,1965-06-27,Charade Circuit,"Clermont-Ferrand, France"
702,1965,5,British Grand Prix,1965-07-10,Silverstone Circuit,"Silverstone, UK"
703,1965,6,Dutch Grand Prix,1965-07-18,Circuit Park Zandvoort,"Zandvoort, Netherlands"
704,1965,7,German Grand Prix,1965-08-01,Nürburgring,"Nürburg, Germany"
705,1965,8,Italian Grand Prix,1965-09-12,Autodromo Nazionale di Monza,"Monza, Italy"
706,1965,9,United States Grand Prix,1965-10-03,Watkins Glen,"New York State, USA"
707,1965,10,Mexican Grand Prix,1965-10-24,Autódromo Hermanos Rodríguez,"Mexico City, Mexico"
708,1964,1,Monaco Grand Prix,1964-05-10,Circuit de Monaco,"Monte-Carlo, Monaco"
709,1964,2,Dutch Grand Prix,1964-05-24,Circuit Park Zandvoort,"Zandvoort, Netherlands"
710,1964,3,Belgian Grand Prix,1964-06-14,Circuit de Spa-Francorchamps,"Spa, Belgium"
711,1964,4,French Grand Prix,1964-06-28,Rouen-Les-Essarts,"Rouen, France"
712,1964,5,British Grand Prix,1964-07-11,Brands Hatch,"Kent, UK"
713,1964,6,German Grand Prix,1964-08-02,Nürburgring,"Nürburg, Germany"
714,1964,7,Austrian Grand Prix,1964-08-23,Zeltweg,"Styria, Austria"
715,1964,8,Italian Grand Prix,1964-09-06,Autodromo Nazionale di Monza,"Monza, Italy"
716,1964,9,United States Grand Prix,1964-10-04,Watkins Glen,"New York State, USA"
717,1964,10,Mexican Grand Prix,1964-10-25,Autódromo Hermanos Rodríguez,"Mexico City, Mexico"
718,1963,1,Monaco Grand Prix,1963-05-26,Circuit de Monaco,"Monte-Carlo, Monaco"
719,1963,2,Belgian Grand Prix,1963-06-09,Circuit de Spa-Francorchamps,"Spa, Belgium"
720,1963,3,Dutch Grand Prix,1963-06-23,Circuit Park Zandvoort,"Zandvoort, Netherlands"
721,1963,4,French Grand Prix,1963-06-30,Reims-Gueux,"Reims, France"
722,1963,5,British Grand Prix,1963-07-20,Silverstone Circuit,"Silverstone, UK"
723,1963,6,German Grand Prix,1963-08-04,Nürburgring,"Nürburg, Germany"
724,1963,7,Italian Grand Prix,1963-09-08,Autodromo Nazionale di Monza,"Monza, Italy"
725,1963,8,United States Grand Prix,1963-10-06,Watkins Glen,"New York State, USA"
726,1963,9,Mexican Grand Prix,1963-10-27,Autódromo Hermanos Rodríguez,"Mexico City, Mexico"
727,1963,10,South African Grand Prix,1963-12-28,Prince George Circuit,"Eastern Cape Province, South Africa"
728,1962,1,Dutch Grand Prix,1962-05-20,Circuit Park Zandvoort,"Zandvoort, Netherlands"
729,1962,2,Monaco Grand Prix,1962-06-03,Circuit de Monaco,"Monte-Carlo, Monaco"
730,1962,3,Belgian Grand Prix,1962-06-17,Circuit de Spa-Francorchamps,"Spa, Belgium"
731,1962,4,French Grand Prix,1962-07-08,Rouen-Les-Essarts,"Rouen, France"
732,1962,5,British Grand Prix,1962-07-21,Aintree,"Liverpool, UK"
733,1962,6,German Grand Prix,1962-08-05,Nürburgring,"Nürburg, Germany"
734,1962,7,Italian Grand Prix,1962-09-16,Autodromo Nazionale di Monza,"Monza, Italy"
735,1962,8,United States Grand Prix,1962-10-07,Watkins Glen,"New York State, USA"
736,1962,9,South African Grand Prix,1962-12-29,Prince George Circuit,"Eastern Cape Province, South Africa"
737,1961,1,Monaco Grand Prix,1961-05-14,Circuit de Monaco,"Monte-Carlo, Monaco"
738,1961,2,Dutch Grand Prix,1961-05-22,Circuit Park Zandvoort,"Zandvoort, Netherlands"
739,1961,3,Belgian Grand Prix,1961-06-18,Circuit de Spa-Francorchamps,"Spa, Belgium"
740,1961,4,French Grand Prix,1961-07-02,Reims-Gueux,"Reims, France"
741,1961,5,British Grand Prix,1961-07-15,Aintree,"Liverpool, UK"
742,1961,6,German Grand Prix,1961-08-06,Nürburgring,"Nürburg, Germany"
743,1961,7,Italian Grand Prix,1961-09-10,Autodromo Nazionale di Monza,"Monza, Italy"
744,1961,8,United States Grand Prix,1961-10-08,Watkins Glen,"New York State, USA"
745,1960,1,Argentine Grand Prix,1960-02-07,Autódromo Juan y Oscar Gálvez,"Buenos Aires, Argentina"
746,1960,2,Monaco Grand Prix,1960-05-29,Circuit de Monaco,"Monte-Carlo, Monaco"
747,1960,3,Indianapolis 500,1960-05-30,Indianapolis Motor Speedway,"Indianapolis, USA"
748,1960,4,Dutch Grand Prix,1960-06-06,Circuit Park Zandvoort,"Zandvoort, Netherlands"
749,1960,5,Belgian Grand Prix,1960-06-19,Circuit de Spa-Francorchamps,"Spa, Belgium"
750,1960,6,French Grand Prix,1960-07-03,Reims-Gueux,"Reims, France"
751,1960,7,British Grand Prix,1960-07-16,Silverstone Circuit,"Silverstone, UK"
752,1960,8,Portuguese Grand Prix,1960-08-14,Circuito da Boavista,"Oporto, Portugal"
753,1960,9,Italian Grand Prix,1960-09-04,Autodromo Nazionale di Monza,"Monza, Italy"
754,1960,10,United States Grand Prix,1960-11-20,Riverside International Raceway,"California, USA"
755,1959,1,Monaco Grand Prix,1959-05-10,Circuit de Monaco,"Monte-Carlo, Monaco"
756,1959,2,Indianapolis 500,1959-05-30,Indianapolis Motor Speedway,"Indianapolis, USA"
757,1959,3,Dutch Grand Prix,1959-05-31,Circuit Park Zandvoort,"Zandvoort, Netherlands"
758,1959,4,French Grand Prix,1959-07-05,Reims-Gueux,"Reims, France"
759,1959,5,British Grand Prix,1959-07-18,Aintree,"Liverpool, UK"
760,1959,6,German Grand Prix,1959-08-02,AVUS,"Berlin, Germany"
761,1959,7,Portuguese Grand Prix,1959-08-23,Monsanto Park Circuit,"Lisbon, Portugal"
762,1959,8,Italian Grand Prix,1959-09-13,Autodromo Nazionale di Monza,"Monza, Italy"
763,1959,9,United States Grand Prix,1959-12-12,Sebring International Raceway,"Florida, USA"
764,1958,1,Argentine Grand Prix,1958-01-19,Autódromo Juan y Oscar Gálvez,"Buenos Aires, Argentina"
765,1958,2,Monaco Grand Prix,1958-05-18,Circuit de Monaco,"Monte-Carlo, Monaco"
766,1958,3,Dutch Grand Prix,1958-05-26,Circuit Park Zandvoort,"Zandvoort, Netherlands"
767,1958,4,Indianapolis 500,1958-05-30,Indianapolis Motor Speedway,"Indianapolis, USA"
768,1958,5,Belgian Grand Prix,1958-06-15,Circuit de Spa-Francorchamps,"Spa, Belgium"
769,1958,6,French Grand Prix,1958-07-06,Reims-Gueux,"Reims, France"
770,1958,7,British Grand Prix,1958-07-19,Silverstone Circuit,"Silverstone, UK"
771,1958,8,German Grand Prix,1958-08-03,Nürburgring,"Nürburg, Germany"
772,1958,9,Portuguese Grand Prix,1958-08-24,Circuito da Boavista,"Oporto, Portugal"
773,1958,10,Italian Grand Prix,1958-09-07,Autodromo Nazionale di Monza,"Monza, Italy"
774,1958,11,Moroccan Grand Prix,1958-10-19,Ain Diab,"Casablanca, Morocco"
775,1957,1,Argentine Grand Prix,1957-01-13,Autódromo Juan y Oscar Gálvez,"Buenos Aires, Argentina"
776,1957,2,Monaco Grand Prix,1957-05-19,Circuit de Monaco,"Monte-Carlo, Monaco"
777,1957,3,Indianapolis 500,1957-05-30,Indianapolis Motor Speedway,"Indianapolis, USA"
778,1957,4,French Grand Prix,1957-07-07,Rouen-Les-Essarts,"Rouen, France"
779,1957,5,British Grand Prix,1957-07-20,Aintree,"Liverpool, UK"
780,1957,6,German Grand Prix,1957-08-04,Nürburgring,"Nürburg, Germany"
781,1957,7,Pescara Grand Prix,1957-08-18,Pescara Circuit,"Pescara, Italy"
782,1957,8,Italian Grand Prix,1957-09-08,Autodromo Nazionale di Monza,"Monza, Italy"
783,1956,1,Argentine Grand Prix,1956-01-22,Autódromo Juan y Oscar Gálvez,"Buenos Aires, Argentina"
784,1956,2,Monaco Grand Prix,1956-05-13,Circuit de Monaco,"Monte-Carlo, Monaco"
785,1956,3,Indianapolis 500,1956-05-30,Indianapolis Motor Speedway,"Indianapolis, USA"
786,1956,4,Belgian Grand Prix,1956-06-03,Circuit de Spa-Francorchamps,"Spa, Belgium"
787,1956,5,French Grand Prix,1956-07-01,Reims-Gueux,"Reims, France"
788,1956,6,British Grand Prix,1956-07-14,Silverstone Circuit,"Silverstone, UK"
789,1956,7,German Grand Prix,1956-08-05,Nürburgring,"Nürburg, Germany"
790,1956,8,Italian Grand Prix,1956-09-02,Autodromo Nazionale di Monza,"Monza, Italy"
791,1955,1,Argentine Grand Prix,1955-01-16,Autódromo Juan y Oscar Gálvez,"Buenos Aires, Argentina"
792,1955,2,Monaco Grand Prix,1955-05-22,Circuit de Monaco,"Monte-Carlo, Monaco"
793,1955,3,Indianapolis 500,1955-05-30,Indianapolis Motor Speedway,"Indianapolis, USA"
794,1955,4,Belgian Grand Prix,1955-06-05,Circuit de Spa-Francorchamps,"Spa, Belgium"
795,1955,5,Dutch Grand Prix,1955-06-19,Circuit Park Zandvoort,"Zandvoort, Netherlands"
796,1955,6,British Grand Prix,1955-07-16,Aintree,"Liverpool, UK"
797,1955,7,Italian Grand Prix,1955-09-11,Autodromo Nazionale di Monza,"Monza, Italy"
798,1954,1,Argentine Grand Prix,1954-01-17,Autódromo Juan y Oscar Gálvez,"Buenos Aires, Argentina"
799,1954,2,Indianapolis 500,1954-05-31,Indianapolis Motor Speedway,"Indianapolis, USA"
800,1954,3,Belgian Grand Prix,1954-06-20,Circuit de Spa-Francorchamps,"Spa, Belgium"
801,1954,4,French Grand Prix,1954-07-04,Reims-Gueux,"Reims, France"
802,1954,5,British Grand Prix,1954-07-17,Silverstone Circuit,"Silverstone, UK"
803,1954,6,German Grand Prix,1954-08-01,Nürburgring,"Nürburg, Germany"
804,1954,7,Swiss Grand Prix,1954-08-22,Circuit Bremgarten,"Bern, Switzerland"
805,1954,8,Italian Grand Prix,1954-09-05,Autodromo Nazionale di Monza,"Monza, Italy"
806,1954,9,Spanish Grand Prix,1954-10-24,Circuit de Pedralbes,"Barcelona, Spain"
807,1953,1,Argentine Grand Prix,1953-01-18,Autódromo Juan y Oscar Gálvez,"Buenos Aires, Argentina"
808,1953,2,Indianapolis 500,1953-05-30,Indianapolis Motor Speedway,"Indianapolis, USA"
809,1953,3,Dutch Grand Prix,1953-06-07,Circuit Park Zandvoort,"Zandvoort, Netherlands"
810,1953,4,Belgian Grand Prix,1953-06-21,Circuit de Spa-Francorchamps,"Spa, Belgium"
811,1953,5,French Grand Prix,1953-07-05,Reims-Gueux,"Reims, France"
812,1953,6,British Grand Prix,1953-07-18,Silverstone Circuit,"Silverstone, UK"
813,1953,7,German Grand Prix,1953-08-02,Nürburgring,"Nürburg, Germany"
814,1953,8,Swiss Grand Prix,1953-08-23,Circuit Bremgarten,"Bern, Switzerland"
815,1953,9,Italian Grand Prix,1953-09-13,Autodromo Nazionale di Monza,"Monza, Italy"
816,1952,1,Swiss Grand Prix,1952-05-18,Circuit Bremgarten,"Bern, Switzerland"
817,1952,2,Indianapolis 500,1952-05-30,Indianapolis Motor Speedway,"Indianapolis, USA"
818,1952,3,Belgian Grand Prix,1952-06-22,Circuit de Spa-Francorchamps,"Spa, Belgium"
819,1952,4,French Grand Prix,1952-07-06,Rouen-Les-Essarts,"Rouen, France"
820,1952,5,British Grand Prix,1952-07-19,Silverstone Circuit,"Silverstone, UK"
821,1952,6,German Grand Prix,1952-08-03,Nürburgring,"Nürburg, Germany"
822,1952,7,Dutch Grand Prix,1952-08-17,Circuit Park Zandvoort,"Zandvoort, Netherlands"
823,1952,8,Italian Grand Prix,1952-09-07,Autodromo Nazionale di Monza,"Monza, Italy"
824,1951,1,Swiss Grand Prix,1951-05-27,Circuit Bremgarten,"Bern, Switzerland"
825,1951,2,Indianapolis 500,1951-05-30,Indianapolis Motor Speedway,"Indianapolis, USA"
826,1951,3,Belgian Grand Prix,1951-06-17,Circuit de Spa-Francorchamps,"Spa, Belgium"
827,1951,4,French Grand Prix,1951-07-01,Reims-Gueux,"Reims, France"
828,1951,5,British Grand Prix,1951-07-14,Silverstone Circuit,"Silverstone, UK"
829,1951,6,German Grand Prix,1951-07-29,Nürburgring,"Nürburg, Germany"
830,1951,7,Italian Grand Prix,1951-09-16,Autodromo Nazionale di Monza,"Monza, Italy"
831,1951,8,Spanish Grand Prix,1951-10-28,Circuit de Pedralbes,"Barcelona, Spain"
832,1950,1,British Grand Prix,1950-05-13,Silverstone Circuit,"Silverstone, UK"
833,1950,2,Monaco Grand Prix,1950-05-21,Circuit de Monaco,"Monte-Carlo, Monaco"
834,1950,3,Indianapolis 500,1950-05-30,Indianapolis Motor Speedway,"Indianapolis, USA"
835,1950,4,Swiss Grand Prix,1950-06-04,Circuit Bremgarten,"Bern, Switzerland"
836,1950,5,Belgian Grand Prix,1950-06-18,Circuit de Spa-Francorchamps,"Spa, Belgium"
837,1950,6,French Grand Prix,1950-07-02,Reims-Gueux,"Reims, France"
838,1950,7,Italian Grand Prix,1950-09-03,Autodromo Nazionale di Monza,"Monza, Italy"
839,2011,1,Australian Grand Prix,2011-03-27,Albert Park Grand Prix Circuit,"Melbourne, Australia"
840,2011,2,Malaysian Grand Prix,2011-04-10,Sepang International Circuit,"Kuala Lumpur, Malaysia"
841,2011,3,Chinese Grand Prix,2011-04-17,Shanghai International Circuit,"Shanghai, China"
842,2011,4,Turkish Grand Prix,2011-05-08,Istanbul Park,"Istanbul, Turkey"
843,2011,5,Spanish Grand Prix,2011-05-22,Circuit de Barcelona-Catalunya,"Montmeló, Spain"
844,2011,6,Monaco Grand Prix,2011-05-29,Circuit de Monaco,"Monte-Carlo, Monaco"
845,2011,7,Canadian Grand Prix,2011-06-12,Circuit Gilles Villeneuve,"Montreal, Canada"
846,2011,8,European Grand Prix,2011-06-26,Valencia Street Circuit,"Valencia, Spain"
847,2011,9,British Grand Prix,2011-07-10,Silverstone Circuit,"Silverstone, UK"
848,2011,10,German Grand Prix,2011-07-24,Nürburgring,"Nürburg, Germany"
849,2011,11,Hungarian Grand Prix,2011-07-31,Hungaroring,"Budapest, Hungary"
850,2011,12,Belgian Grand Prix,2011-08-28,Circuit de Spa-Francorchamps,"Spa, Belgium"
851,2011,13,Italian Grand Prix,2011-09-11,Autodromo Nazionale di Monza,"Monza, Italy"
852,2011,14,Singapore Grand Prix,2011-09-25,Marina Bay Street Circuit,"Marina Bay, Singapore"
853,2011,15,Japanese Grand Prix,2011-10-09,Suzuka Circuit,"Suzuka, Japan"
854,2011,16,Korean Grand Prix,2011-10-16,Korean International Circuit,"Yeongam County, Korea"
855,2011,17,Indian Grand Prix,2011-10-30,Buddh International Circuit,"Uttar Pradesh, India"
856,2011,18,Abu Dhabi Grand Prix,2011-11-13,Yas Marina Circuit,"Abu Dhabi, UAE"
857,2011,19,Brazilian Grand Prix,2011-11-27,Autódromo José Carlos Pace,"São Paulo, Brazil"
858,2012,1,Australian Grand Prix,2012-03-18,Albert Park Grand Prix Circuit,"Melbourne, Australia"
859,2012,2,Malaysian Grand Prix,2012-03-25,Sepang International Circuit,"Kuala Lumpur, Malaysia"
860,2012,3,Chinese Grand Prix,2012-04-15,Shanghai International Circuit,"Shanghai, China"
861,2012,4,Bahrain Grand Prix,2012-04-22,Bahrain International Circuit,"Sakhir, Bahrain"
862,2012,5,Spanish Grand Prix,2012-05-13,Circuit de Barcelona-Catalunya,"Montmeló, Spain"
863,2012,6,Monaco Grand Prix,2012-05-27,Circuit de Monaco,"Monte-Carlo, Monaco"
864,2012,7,Canadian Grand Prix,2012-06-10,Circuit Gilles Villeneuve,"Montreal, Canada"
865,2012,8,European Grand Prix,2012-06-24,Valencia Street Circuit,"Valencia, Spain"
866,2012,9,British Grand Prix,2012-07-08,Silverstone Circuit,"Silverstone, UK"
867,2012,10,German Grand Prix,2012-07-22,Hockenheimring,"Hockenheim, Germany"
868,2012,11,Hungarian Grand Prix,2012-07-29,Hungaroring,"Budapest, Hungary"
869,2012,12,Belgian Grand Prix,2012-09-02,Circuit de Spa-Francorchamps,"Spa, Belgium"
870,2012,13,Italian Grand Prix,2012-09-09,Autodromo Nazionale di Monza,"Monza, Italy"
871,2012,14,Singapore Grand Prix,2012-09-23,Marina Bay Street Circuit,"Marina Bay, Singapore"
872,2012,15,Japanese Grand Prix,2012-10-07,Suzuka Circuit,"Suzuka, Japan"
873,2012,16,Korean Grand Prix,2012-10-14,Korean International Circuit,"Yeongam County, Korea"
874,2012,17,Indian Grand Prix,2012-10-28,Buddh International Circuit,"Uttar Pradesh, India"
875,2012,18,Abu Dhabi Grand Prix,2012-11-04,Yas Marina Circuit,"Abu Dhabi, UAE"
876,2012,19,United States Grand Prix,2012-11-18,Circuit of the Americas,"Austin, USA"
877,2012,20,Brazilian Grand Prix,2012-11-25,Autódromo José Carlos Pace,"São Paulo, Brazil"
878,2013,1,Australian Grand Prix,2013-03-17,Albert Park Grand Prix Circuit,"Melbourne, Australia"
879,2013,2,Malaysian Grand Prix,2013-03-24,Sepang International Circuit,"Kuala Lumpur, Malaysia"
880,2013,3,Chinese Grand Prix,2013-04-14,Shanghai International Circuit,"Shanghai, China"
881,2013,4,Bahrain Grand Prix,2013-04-21,Bahrain International Circuit,"Sakhir, Bahrain"
882,2013,5,Spanish Grand Prix,2013-05-12,Circuit de Barcelona-Catalunya,"Montmeló, Spain"
883,2013,6,Monaco Grand Prix,2013-05-26,Circuit de Monaco,"Monte-Carlo, Monaco"
884,2013,7,Canadian Grand Prix,2013-06-09,Circuit Gilles Villeneuve,"Montreal, Canada"
885,2013,8,British Grand Prix,2013-06-30,Silverstone Circuit,"Silverstone, UK"
886,2013,9,German Grand Prix,2013-07-07,Nürburgring,"Nürburg, Germany"
887,2013,10,Hungarian Grand Prix,2013-07-28,Hungaroring,"Budapest, Hungary"
888,2013,11,Belgian Grand Prix,2013-08-25,Circuit de Spa-Francorchamps,"Spa, Belgium"
889,2013,12,Italian Grand Prix,2013-09-08,Autodromo Nazionale di Monza,"Monza, Italy"
890,2013,13,Singapore Grand Prix,2013-09-22,Marina Bay Street Circuit,"Marina Bay, Singapore"
891,2013,14,Korean Grand Prix,2013-10-06,Korean International Circuit,"Yeongam County, Korea"
892,2013,15,Japanese Grand Prix,2013-10-13,Suzuka Circuit,"Suzuka, Japan"
893,2013,16,Indian Grand Prix,2013-10-27,Buddh International Circuit,"Uttar Pradesh, India"
894,2013,17,Abu Dhabi Grand Prix,2013-11-03,Yas Marina Circuit,"Abu Dhabi, UAE"
895,2013,18,United States Grand Prix,2013-11-17,Circuit of the Americas,"Austin, USA"
896,2013,19,Brazilian Grand Prix,2013-11-24,Autódromo José Carlos Pace,"São Paulo, Brazil"
897,2014,1,Australian Grand Prix,2014-03-16,Albert Park Grand Prix Circuit,"Melbourne, Australia"
898,2014,2,Malaysian Grand Prix,2014-03-30,Sepang International Circuit,"Kuala Lumpur, Malaysia"
899,2014,3,Bahrain Grand Prix,2014-04-06,Bahrain International Circuit,"Sakhir, Bahrain"
900,2014,4,Chinese Grand Prix,2014-04-20,Shanghai International Circuit,"Shanghai, China"
901,2014,5,Spanish Grand Prix,2014-05-11,Circuit de Barcelona-Catalunya,"Montmeló, Spain"
902,2014,6,Monaco Grand Prix,2014-05-25,Circuit de Monaco,"Monte-Carlo, Monaco"
903,2014,7,Canadian Grand Prix,2014-06-08,Circuit Gilles Villeneuve,"Montreal, Canada"
904,2014,8,Austrian Grand Prix,2014-06-22,Red Bull Ring,"Spielberg, Austria"
905,2014,9,British Grand Prix,2014-07-06,Silverstone Circuit,"Silverstone, UK"
906,2014,10,German Grand Prix,2014-07-20,Hockenheimring,"Hockenheim, Germany"
907,2014,11,Hungarian Grand Prix,2014-07-27,Hungaroring,"Budapest, Hungary"
908,2014,12,Belgian Grand Prix,2014-08-24,Circuit de Spa-Francorchamps,"Spa, Belgium"
909,2014,13,Italian Grand Prix,2014-09-07,Autodromo Nazionale di Monza,"Monza, Italy"
910,2014,14,Singapore Grand Prix,2014-09-21,Marina Bay Street Circuit,"Marina Bay, Singapore"
911,2014,15,Japanese Grand Prix,2014-10-05,Suzuka Circuit,"Suzuka, Japan"
912,2014,16,Russian Grand Prix,2014-10-12,Sochi Autodrom,"Sochi, Russia"
913,2014,17,United States Grand Prix,2014-11-02,Circuit of the Americas,"Austin, USA"
914,2014,18,Brazilian Grand Prix,2014-11-09,Autódromo José Carlos Pace,"São Paulo, Brazil"
915,2014,19,Abu Dhabi Grand Prix,2014-11-23,Yas Marina Circuit,"Abu Dhabi, UAE"
916,2015,6,Monaco Grand Prix,2015-05-24,Circuit de Monaco,"Monte-Carlo, Monaco"
917,2015,7,Canadian Grand Prix,2015-06-07,Circuit Gilles Villeneuve,"Montreal, Canada"
918,2015,4,Bahrain Grand Prix,2015-04-19,Bahrain International Circuit,"Sakhir, Bahrain"
919,2015,5,Spanish Grand Prix,2015-05-10,Circuit de Barcelona-Catalunya,"Montmeló, Spain"
920,2015,3,Chinese Grand Prix,2015-04-12,Shanghai International Circuit,"Shanghai, China"
921,2015,1,Australian Grand Prix,2015-03-15,Albert Park Grand Prix Circuit,"Melbourne, Australia"
922,2015,2,Malaysian Grand Prix,2015-03-29,Sepang International Circuit,"Kuala Lumpur, Malaysia"
923,2015,8,Austrian Grand Prix,2015-06-21,Red Bull Ring,"Spielberg, Austria"
924,2015,9,British Grand Prix,2015-07-05,Silverstone Circuit,"Silverstone, UK"
925,2015,10,Hungarian Grand Prix,2015-07-26,Hungaroring,"Budapest, Hungary"
926,2015,11,Belgian Grand Prix,2015-08-23,Circuit de Spa-Francorchamps,"Spa, Belgium"
927,2015,12,Italian Grand Prix,2015-09-06,Autodromo Nazionale di Monza,"Monza, Italy"
928,2015,13,Singapore Grand Prix,2015-09-20,Marina Bay Street Circuit,"Marina Bay, Singapore"
929,2015,14,Japanese Grand Prix,2015-09-27,Suzuka Circuit,"Suzuka, Japan"
930,2015,15,Russian Grand Prix,2015-10-11,Sochi Autodrom,"Sochi, Russia"
931,2015,16,United States Grand Prix,2015-10-25,Circuit of the Americas,"Austin, USA"
932,2015,17,Mexican Grand Prix,2015-11-01,Autódromo Hermanos Rodríguez,"Mexico City, Mexico"
933,2015,18,Brazilian Grand Prix,2015-11-15,Autódromo José Carlos Pace,"São Paulo, Brazil"
934,2015,19,Abu Dhabi Grand Prix,2015-11-29,Yas Marina Circuit,"Abu Dhabi, UAE"
935,2016,1,Australian Grand Prix,2016-03-20,Albert Park Grand Prix Circuit,"Melbourne, Australia"
936,2016,2,Bahrain Grand Prix,2016-04-03,Bahrain International Circuit,"Sakhir, Bahrain"
937,2016,3,Chinese Grand Prix,2016-04-17,Shanghai International Circuit,"Shanghai, China"
938,2016,4,Russian Grand Prix,2016-05-01,Sochi Autodrom,"Sochi, Russia"
939,2016,5,Spanish Grand Prix,2016-05-15,Circuit de Barcelona-Catalunya,"Montmeló, Spain"
940,2016,6,Monaco Grand Prix,2016-05-29,Circuit de Monaco,"Monte-Carlo, Monaco"
941,2016,7,Canadian Grand Prix,2016-06-12,Circuit Gilles Villeneuve,"Montreal, Canada"
942,2016,8,European Grand Prix,2016-06-19,Baku City Circuit,"Baku, Azerbaijan"
943,2016,9,Austrian Grand Prix,2016-07-03,Red Bull Ring,"Spielberg, Austria"
944,2016,10,British Grand Prix,2016-07-10,Silverstone Circuit,"Silverstone, UK"
945,2016,11,Hungarian Grand Prix,2016-07-24,Hungaroring,"Budapest, Hungary"
946,2016,12,German Grand Prix,2016-07-31,Hockenheimring,"Hockenheim, Germany"
947,2016,13,Belgian Grand Prix,2016-08-28,Circuit de Spa-Francorchamps,"Spa, Belgium"
948,2016,14,Italian Grand Prix,2016-09-04,Autodromo Nazionale di Monza,"Monza, Italy"
949,2016,15,Singapore Grand Prix,2016-09-18,Marina Bay Street Circuit,"Marina Bay, Singapore"
950,2016,16,Malaysian Grand Prix,2016-10-02,Sepang International Circuit,"Kuala Lumpur, Malaysia"
951,2016,17,Japanese Grand Prix,2016-10-09,Suzuka Circuit,"Suzuka, Japan"
952,2016,18,United States Grand Prix,2016-10-23,Circuit of the Americas,"Austin, USA"
953,2016,19,Mexican Grand Prix,2016-10-30,Autódromo Hermanos Rodríguez,"Mexico City, Mexico"
954,2016,20,Brazilian Grand Prix,2016-11-13,Autódromo José Carlos Pace,"São Paulo, Brazil"
955,2016,21,Abu Dhabi Grand Prix,2016-11-27,Yas Marina Circuit,"Abu Dhabi, UAE"
956,2017,1,Australian Grand Prix,2017-03-26,Albert Park Grand Prix Circuit,"Melbourne, Australia"
957,2017,2,Chinese Grand Prix,2017-04-09,Shanghai International Circuit,"Shanghai, China"
958,2017,3,Bahrain Grand Prix,2017-04-16,Bahrain International Circuit,"Sakhir, Bahrain"
959,2017,4,Russian Grand Prix,2017-04-30,Sochi Autodrom,"Sochi, Russia"
960,2017,5,Spanish Grand Prix,2017-05-14,Circuit de Barcelona-Catalunya,"Montmeló, Spain"
961,2017,6,Monaco Grand Prix,2017-05-28,Circuit de Monaco,"Monte-Carlo, Monaco"
962,2017,7,Canadian Grand Prix,2017-06-11,Circuit Gilles Villeneuve,"Montreal, Canada"
963,2017,8,Azerbaijan Grand Prix,2017-06-25,Baku City Circuit,"Baku, Azerbaijan"
964,2017,9,Austrian Grand Prix,2017-07-09,Red Bull Ring,"Spielberg, Austria"
965,2017,10,British Grand Prix,2017-07-16,Silverstone Circuit,"Silverstone, UK"
966,2017,11,Hungarian Grand Prix,2017-07-30,Hungaroring,"Budapest, Hungary"
967,2017,12,Belgian Grand Prix,2017-08-27,Circuit de Spa-Francorchamps,"Spa, Belgium"
968,2017,13,Italian Grand Prix,2017-09-03,Autodromo Nazionale di Monza,"Monza, Italy"
969,2017,14,Singapore Grand Prix,2017-09-17,Marina Bay Street Circuit,"Marina Bay, Singapore"
970,2017,15,Malaysian Grand Prix,2017-10-01,Sepang International Circuit,"Kuala Lumpur, Malaysia"
971,2017,16,Japanese Grand Prix,2017-10-08,Suzuka Circuit,"Suzuka, Japan"
972,2017,17,United States Grand Prix,2017-10-22,Circuit of the Americas,"Austin, USA"
973,2017,18,Mexican Grand Prix,2017-10-29,Autódromo Hermanos Rodríguez,"Mexico City, Mexico"
974,2017,19,Brazilian Grand Prix,2017-11-12,Autódromo José Carlos Pace,"São Paulo, Brazil"
975,2017,20,Abu Dhabi Grand Prix,2017-11-26,Yas Marina Circuit,"Abu Dhabi, UAE"
976,2018,1,Australian Grand Prix,2018-03-25,Albert Park Grand Prix Circuit,"Melbourne, Australia"
977,2018,2,Bahrain Grand Prix,2018-04-08,Bahrain International Circuit,"Sakhir, Bahrain"
978,2018,3,Chinese Grand Prix,2018-04-15,Shanghai International Circuit,"Shanghai, China"
979,2018,4,Azerbaijan Grand Prix,2018-04-29,Baku City Circuit,"Baku, Azerbaijan"
980,2018,5,Spanish Grand Prix,2018-05-13,Circuit de Barcelona-Catalunya,"Montmeló, Spain"
981,2018,6,Monaco Grand Prix,2018-05-27,Circuit de Monaco,"Monte-Carlo, Monaco"
982,2018,7,Canadian Grand Prix,2018-06-10,Circuit Gilles Villeneuve,"Montreal, Canada"
983,2018,8,French Grand Prix,2018-06-24,Circuit Paul Ricard,"Le Castellet, France"
984,2018,9,Austrian Grand Prix,2018-07-01,Red Bull Ring,"Spielberg, Austria"
985,2018,10,British Grand Prix,2018-07-08,Silverstone Circuit,"Silverstone, UK"
986,2018,11,German Grand Prix,2018-07-22,Hockenheimring,"Hockenheim, Germany"
987,2018,12,Hungarian Grand Prix,2018-07-29,Hungaroring,"Budapest, Hungary"
988,2018,13,Belgian Grand Prix,2018-08-26,Circuit de Spa-Francorchamps,"Spa, Belgium"
989,2018,14,Italian Grand Prix,2018-09-02,Autodromo Nazionale di Monza,"Monza, Italy"
990,2018,15,Singapore Grand Prix,2018-09-16,Marina Bay Street Circuit,"Marina Bay, Singapore"
991,2018,16,Russian Grand Prix,2018-09-30,Sochi Autodrom,"Sochi, Russia"
992,2018,17,Japanese Grand Prix,2018-10-07,Suzuka Circuit,"Suzuka, Japan"
993,2018,18,United States Grand Prix,2018-10-21,Circuit of the Americas,"Austin, USA"
994,2018,19,Mexican Grand Prix,2018-10-28,Autódromo Hermanos Rodríguez,"Mexico City, Mexico"
995,2018,20,Brazilian Grand Prix,2018-11-11,Autódromo José Carlos Pace,"São Paulo, Brazil"
996,2018,21,Abu Dhabi Grand Prix,2018-11-25,Yas Marina Circuit,"Abu Dhabi, UAE"
997,2019,1,Australian Grand Prix,2019-03-17,Albert Park Grand Prix Circuit,"Melbourne, Australia"
998,2019,2,Bahrain Grand Prix,2019-03-31,Bahrain International Circuit,"Sakhir, Bahrain"
999,2019,3,Chinese Grand Prix,2019-04-14,Shanghai International Circuit,"Shanghai, China"
1000,2019,4,Azerbaijan Grand Prix,2019-04-28,Baku City Circuit,"Baku, Azerbaijan"
1001,2019,5,Spanish Grand Prix,2019-05-12,Circuit de Barcelona-Catalunya,"Montmeló, Spain"
1002,2019,6,Monaco Grand Prix,2019-05-26,Circuit de Monaco,"Monte-Carlo, Monaco"
1003,2019,7,Canadian Grand Prix,2019-06-09,Circuit Gilles Villeneuve,"Montreal, Canada"
1004,2019,8,French Grand Prix,2019-06-23,Circuit Paul Ricard,"Le Castellet, France"
1005,2019,9,Austrian Grand Prix,2019-06-30,Red Bull Ring,"Spielberg, Austria"
1006,2019,10,British Grand Prix,2019-07-14,Silverstone Circuit,"Silverstone, UK"
1007,2019,11,German Grand Prix,2019-07-28,Hockenheimring,"Hockenheim, Germany"
1008,2019,12,Hungarian Grand Prix,2019-08-04,Hungaroring,"Budapest, Hungary"
1009,2019,13,Belgian Grand Prix,2019-09-01,Circuit de Spa-Francorchamps,"Spa, Belgium"
1010,2019,14,Italian Grand Prix,2019-09-08,Autodromo Nazionale di Monza,"Monza, Italy"
1011,2019,15,Singapore Grand Prix,2019-09-22,Marina Bay Street Circuit,"Marina Bay, Singapore"
1012,2019,16,Russian Grand Prix,2019-09-29,Sochi Autodrom,"Sochi, Russia"
1013,2019,17,Japanese Grand Prix,2019-10-13,Suzuka Circuit,"Suzuka, Japan"
1014,2019,18,Mexican Grand Prix,2019-10-27,Autódromo Hermanos Rodríguez,"Mexico City, Mexico"
1015,2019,19,United States Grand Prix,2019-11-03,Circuit of the Americas,"Austin, USA"
1016,2019,20,Brazilian Grand Prix,2019-11-17,Autódromo José Carlos Pace,"São Paulo, Brazil"
1017,2019,21,Abu Dhabi Grand Prix,2019-12-01,Yas Marina Circuit,"Abu Dhabi, UAE"
1018,2020,1,Austrian Grand Prix,2020-07-05,Red Bull Ring,"Spielberg, Austria"
1019,2020,2,Styrian Grand Prix,2020-07-12,Red Bull Ring,"Spielberg, Austria"
1020,2020,3,Hungarian Grand Prix,2020-07-19,Hungaroring,"Budapest, Hungary"
1021,2020,4,British Grand Prix,2020-08-02,Silverstone Circuit,"Silverstone, UK"
1022,2020,5,70th Anniversary Grand Prix,2020-08-09,Silverstone Circuit,"Silverstone, UK"
1023,2020,6,Spanish Grand Prix,2020-08-16,Circuit de Barcelona-Catalunya,"Montmeló, Spain"
1024,2020,7,Belgian Grand Prix,2020-08-30,Circuit de Spa-Francorchamps,"Spa, Belgium"
1025,2020,8,Italian Grand Prix,2020-09-06,Autodromo Nazionale di Monza,"Monza, Italy"
1026,2020,9,Tuscan Grand Prix,2020-09-13,Autodromo Internazionale del Mugello,"Mugello, Italy"
1027,2020,10,Russian Grand Prix,2020-09-27,Sochi Autodrom,"Sochi, Russia"
1028,2020,11,Eifel Grand Prix,2020-10-11,Nürburgring,"Nürburg, Germany"
1029,2020,12,Portuguese Grand Prix,2020-10-25,Autódromo Internacional do Algarve,"Portimão, Portugal"
1030,2020,13,Emilia Romagna Grand Prix,2020-11-01,Autodromo Enzo e Dino Ferrari,"Imola, Italy"
1031,2020,14,Turkish Grand Prix,2020-11-15,Istanbul Park,"Istanbul, Turkey"
1032,2020,15,Bahrain Grand Prix,2020-11-29,Bahrain International Circuit,"Sakhir, Bahrain"
1033,2020,16,Sakhir Grand Prix,2020-12-06,Bahrain International Circuit,"Sakhir, Bahrain"
1034,2020,17,Abu Dhabi Grand Prix,2020-12-13,Yas Marina Circuit,"Abu Dhabi, UAE"
1035,2021,2,Emilia Romagna Grand Prix,2021-04-18,Autodromo Enzo e Dino Ferrari,"Imola, Italy"
1036,2022,1,Bahrain Grand Prix,2022-03-20,Bahrain International Circuit,"Sakhir, Bahrain"
1037,2021,1,Bahrain Grand Prix,2021-03-28,Bahrain International Circuit,"Sakhir, Bahrain"
1038,2021,20,Qatar Grand Prix,2021-11-21,Losail International Circuit,"Al Daayen, Qatar"
1039,2021,3,Portuguese Grand Prix,2021-05-02,Autódromo Internacional do Algarve,"Portimão, Portugal"
1040,2021,4,Spanish Grand Prix,2021-05-09,Circuit de Barcelona-Catalunya,"Montmeló, Spain"
1041,2021,5,Monaco Grand Prix,2021-05-23,Circuit de Monaco,"Monte-Carlo, Monaco"
1042,2021,6,Azerbaijan Grand Prix,2021-06-06,Baku City Circuit,"Baku, Azerbaijan"
1043,2021,8,Styrian Grand Prix,2021-06-27,Red Bull Ring,"Spielberg, Austria"
1044,2021,7,French Grand Prix,2021-06-20,Circuit Paul Ricard,"Le Castellet, France"
1045,2021,9,Austrian Grand Prix,2021-07-04,Red Bull Ring,"Spielberg, Austria"
1046,2021,10,British Grand Prix,2021-07-18,Silverstone Circuit,"Silverstone, UK"
1047,2021,11,Hungarian Grand Prix,2021-08-01,Hungaroring,"Budapest, Hungary"
1048,2021,12,Belgian Grand Prix,2021-08-29,Circuit de Spa-Francorchamps,"Spa, Belgium"
1049,2021,13,Dutch Grand Prix,2021-09-05,Circuit Park Zandvoort,"Zandvoort, Netherlands"
1050,2021,14,Italian Grand Prix,2021-09-12,Autodromo Nazionale di Monza,"Monza, Italy"
1051,2021,15,Russian Grand Prix,2021-09-26,Sochi Autodrom,"Sochi, Russia"
1052,2021,16,Turkish Grand Prix,2021-10-10,Istanbul Park,"Istanbul, Turkey"
1053,2021,17,United States Grand Prix,2021-10-24,Circuit of the Americas,"Austin, USA"
1054,2021,18,Mexico City Grand Prix,2021-11-07,Autódromo Hermanos Rodríguez,"Mexico City, Mexico"
1055,2021,19,São Paulo Grand Prix,2021-11-14,Autódromo José Carlos Pace,"São Paulo, Brazil"
1056,2021,21,Saudi Arabian Grand Prix,2021-12-05,Jeddah Corniche Circuit,"Jeddah, Saudi Arabia"
1057,2021,22,Abu Dhabi Grand Prix,2021-12-12,Yas Marina Circuit,"Abu Dhabi, UAE"
1058,2022,2,Saudi Arabian Grand Prix,2022-03-27,Jeddah Corniche Circuit,"Jeddah, Saudi Arabia"
1059,2022,3,Australian Grand Prix,2022-04-10,Albert Park Grand Prix Circuit,"Melbourne, Australia"
1060,2022,4,Emilia Romagna Grand Prix,2022-04-24,Autodromo Enzo e Dino Ferrari,"Imola, Italy"
1061,2022,5,Miami Grand Prix,2022-05-08,Miami International Autodrome,"Miami, USA"
1062,2022,6,Spanish Grand Prix,2022-05-22,Circuit de Barcelona-Catalunya,"Montmeló, Spain"
1063,2022,7,Monaco Grand Prix,2022-05-29,Circuit de Monaco,"Monte-Carlo, Monaco"
1064,2022,8,Azerbaijan Grand Prix,2022-06-12,Baku City Circuit,"Baku, Azerbaijan"
1065,2022,9,Canadian Grand Prix,2022-06-19,Circuit Gilles Villeneuve,"Montreal, Canada"
1066,2022,10,British Grand Prix,2022-07-03,Silverstone Circuit,"Silverstone, UK"
1067,2022,11,Austrian Grand Prix,2022-07-10,Red Bull Ring,"Spielberg, Austria"
1068,2022,12,French Grand Prix,2022-07-24,Circuit Paul Ricard,"Le Castellet, France"
1069,2022,13,Hungarian Grand Prix,2022-07-31,Hungaroring,"Budapest, Hungary"
1070,2022,14,Belgian Grand Prix,2022-08-28,Circuit de Spa-Francorchamps,"Spa, Belgium"
1071,2022,15,Dutch Grand Prix,2022-09-04,Circuit Park Zandvoort,"Zandvoort, Netherlands"
1072,2022,16,Italian Grand Prix,2022-09-11,Autodromo Nazionale di Monza,"Monza, Italy"
1073,2022,17,Singapore Grand Prix,2022-10-02,Marina Bay Street Circuit,"Marina Bay, Singapore"
1074,2022,18,Japanese Grand Prix,2022-10-09,Suzuka Circuit,"Suzuka, Japan"
1075,2022,19,United States Grand Prix,2022-10-23,Circuit of the Americas,"Austin, USA"
1076,2022,20,Mexico City Grand Prix,2022-10-30,Autódromo Hermanos Rodríguez,"Mexico City, Mexico"
1077,2022,21,Brazilian Grand Prix,2022-11-13,Autódromo José Carlos Pace,"São Paulo, Brazil"
1078,2022,22,Abu Dhabi Grand Prix,2022-11-20,Yas Marina Circuit,"Abu Dhabi, UAE"
1079,2023,1,Bahrain Grand Prix,2023-03-05,Bahrain International Circuit,"Sakhir, Bahrain"
1080,2023,2,Saudi Arabian Grand Prix,2023-03-19,Jeddah Corniche Circuit,"Jeddah, Saudi Arabia"
1081,2023,3,Australian Grand Prix,2023-04-02,Albert Park Grand Prix Circuit,"Melbourne, Australia"
1082,2023,4,Azerbaijan Grand Prix,2023-04-30,Baku City Circuit,"Baku, Azerbaijan"
1083,2023,5,Miami Grand Prix,2023-05-07,Miami International Autodrome,"Miami, USA"
1084,2023,6,Emilia Romagna Grand Prix,2023-05-21,Autodromo Enzo e Dino Ferrari,"Imola, Italy"
1085,2023,7,Monaco Grand Prix,2023-05-28,Circuit de Monaco,"Monte-Carlo, Monaco"
1086,2023,8,Spanish Grand Prix,2023-06-04,Circuit de Barcelona-Catalunya,"Montmeló, Spain"
1087,2023,9,Canadian Grand Prix,2023-06-18,Circuit Gilles Villeneuve,"Montreal, Canada"
1088,2023,10,Austrian Grand Prix,2023-07-02,Red Bull Ring,"Spielberg, Austria"
1089,2023,11,British Grand Prix,2023-07-09,Silverstone Circuit,"Silverstone, UK"
1090,2023,12,Hungarian Grand Prix,2023-07-23,Hungaroring,"Budapest, Hungary"
1091,2023,13,Belgian Grand Prix,2023-07-30,Circuit de Spa-Francorchamps,"Spa, Belgium"
1092,2023,14,Dutch Grand Prix,2023-08-27,Circuit Park Zandvoort,"Zandvoort, Netherlands"
1093,2023,15,Italian Grand Prix,2023-09-03,Autodromo Nazionale di Monza,"Monza, Italy"
1094,2023,16,Singapore Grand Prix,2023-09-17,Marina Bay Street Circuit,"Marina Bay, Singapore"
1095,2023,17,Japanese Grand Prix,2023-09-24,Suzuka Circuit,"Suzuka, Japan"
1096,2023,18,Qatar Grand Prix,2023-10-08,Losail International Circuit,"Al Daayen, Qatar"
1097,2023,19,United States Grand Prix,2023-10-22,Circuit of the Americas,"Austin, USA"
1098,2023,20,Mexico City Grand Prix,2023-10-29,Autódromo Hermanos Rodríguez,"Mexico City, Mexico"
1099,2023,21,São Paulo Grand Prix,2023-11-05,Autódromo José Carlos Pace,"São Paulo, Brazil"
1100,2023,22,Las Vegas Grand Prix,2023-11-19,Las Vegas Strip Street Circuit,"Las Vegas, United States"
1101,2023,23,Abu Dhabi Grand Prix,2023-11-26,Yas Marina Circuit,"Abu Dhabi, UAE"
