Driver,Nationality,Team,Points,driverRef,Year
Charles Leclerc,MON,FERRARI,104.0,leclerc,2022
Max Verstappen,NED,RED BULL RACING RBPT,85.0,max_verstappen,2022
Sergio Perez,MEX,RED BULL RACING RBPT,66.0,perez,2022
George Russell,GBR,MERCEDES,59.0,russell,2022
Carlos Sainz,ESP,FERRARI,53.0,sainz,2022
Lewis Hamilton,GBR,MERCEDES,36.0,hamilton,2022
Lando Norris,GBR,MCLAREN MERCEDES,35.0,norris,2022
Valtteri Bottas,FIN,ALFA ROMEO FERRARI,30.0,bottas,2022
Esteban Ocon,FRA,ALPINE RENAULT,24.0,ocon,2022
Kevin Magnussen,DEN,HAAS FERRARI,15.0,kevin_magnussen,2022
Daniel Ricciardo,AUS,MCLAREN MERCEDES,11.0,ricciardo,2022
Yuki Tsunoda,JPN,ALPHATAURI RBPT,10.0,tsunoda,2022
Pierre Gasly,FRA,ALPHATAURI RBPT,6.0,gasly,2022
Sebastian Vettel,GER,ASTON MARTIN ARAMCO MERCEDES,4.0,vettel,2022
Alexander Albon,THA,WILLIAMS MERCEDES,3.0,albon,2022
Fernando Alonso,ESP,ALPINE RENAULT,2.0,alonso,2022
Lance Stroll,CAN,ASTON MARTIN ARAMCO MERCEDES,2.0,stroll,2022
Zhou Guanyu,CHN,ALFA ROMEO FERRARI,1.0,zhou,2022
Mick Schumacher,GER,HAAS FERRARI,0.0,mick_schumacher,2022
Nicholas Latifi,CAN,WILLIAMS MERCEDES,0.0,latifi,2022
Nico Hulkenberg,GER,ASTON MARTIN ARAMCO MERCEDES,0.0,hulkenberg,2022
Lewis Hamilton,GBR,MERCEDES,69.0,hamilton,2021
Max Verstappen,NED,RED BULL RACING HONDA,61.0,max_verstappen,2021
Lando Norris,GBR,MCLAREN MERCEDES,37.0,norris,2021
Valtteri Bottas,FIN,MERCEDES,32.0,bottas,2021
Charles Leclerc,MON,FERRARI,28.0,leclerc,2021
Sergio Perez,MEX,RED BULL RACING HONDA,22.0,perez,2021
Daniel Ricciardo,AUS,MCLAREN MERCEDES,16.0,ricciardo,2021
Carlos Sainz,ESP,FERRARI,14.0,sainz,2021
Esteban Ocon,FRA,ALPINE RENAULT,8.0,ocon,2021
Pierre Gasly,FRA,ALPHATAURI HONDA,7.0,gasly,2021
Fernando Alonso,ESP,ALPINE RENAULT,5.0,alonso,2021
Lance Stroll,CAN,ASTON MARTIN MERCEDES,5.0,stroll,2021
Yuki Tsunoda,JPN,ALPHATAURI HONDA,2.0,tsunoda,2021
Sebastian Vettel,GER,ASTON MARTIN MERCEDES,0.0,vettel,2021
George Russell,GBR,WILLIAMS MERCEDES,0.0,russell,2021
Kimi Räikkönen,FIN,ALFA ROMEO RACING FERRARI,0.0,raikkonen,2021
Nicholas Latifi,CAN,WILLIAMS MERCEDES,0.0,latifi,2021
Antonio Giovinazzi,ITA,ALFA ROMEO RACING FERRARI,0.0,giovinazzi,2021
Mick Schumacher,GER,HAAS FERRARI,0.0,mick_schumacher,2021
Robert Kubica,POL,ALFA ROMEO RACING FERRARI,0.0,kubica,2021
Nikita Mazepin,RAF,HAAS FERRARI,0.0,mazepin,2021
Lewis Hamilton,GBR,MERCEDES,107.0,hamilton,2020
Max Verstappen,NED,RED BULL RACING HONDA,77.0,max_verstappen,2020
Valtteri Bottas,FIN,MERCEDES,73.0,bottas,2020
Charles Leclerc,MON,FERRARI,45.0,leclerc,2020
Lando Norris,GBR,MCLAREN RENAULT,38.0,norris,2020
Alexander Albon,THA,RED BULL RACING HONDA,36.0,albon,2020
Lance Stroll,CAN,RACING POINT BWT MERCEDES,28.0,stroll,2020
Sergio Perez,MEX,RACING POINT BWT MERCEDES,22.0,perez,2020
Daniel Ricciardo,AUS,RENAULT,20.0,ricciardo,2020
Esteban Ocon,FRA,RENAULT,16.0,ocon,2020
Carlos Sainz,ESP,MCLAREN RENAULT,15.0,sainz,2020
Pierre Gasly,FRA,ALPHATAURI HONDA,12.0,gasly,2020
Sebastian Vettel,GER,FERRARI,10.0,vettel,2020
Nico Hulkenberg,GER,RACING POINT BWT MERCEDES,6.0,hulkenberg,2020
Daniil Kvyat,RUS,ALPHATAURI HONDA,2.0,kvyat,2020
Antonio Giovinazzi,ITA,ALFA ROMEO RACING FERRARI,2.0,giovinazzi,2020
Kevin Magnussen,DEN,HAAS FERRARI,1.0,kevin_magnussen,2020
Kimi Räikkönen,FIN,ALFA ROMEO RACING FERRARI,0.0,raikkonen,2020
George Russell,GBR,WILLIAMS MERCEDES,0.0,russell,2020
Romain Grosjean,FRA,HAAS FERRARI,0.0,grosjean,2020
Nicholas Latifi,CAN,WILLIAMS MERCEDES,0.0,latifi,2020
Valtteri Bottas,FIN,MERCEDES,87.0,bottas,2019
Lewis Hamilton,GBR,MERCEDES,86.0,hamilton,2019
Sebastian Vettel,GER,FERRARI,52.0,vettel,2019
Max Verstappen,NED,RED BULL RACING HONDA,51.0,max_verstappen,2019
Charles Leclerc,MON,FERRARI,47.0,leclerc,2019
Sergio Perez,MEX,RACING POINT BWT MERCEDES,13.0,perez,2019
Kimi Räikkönen,FIN,ALFA ROMEO RACING FERRARI,13.0,raikkonen,2019
Pierre Gasly,FRA,SCUDERIA TORO ROSSO HONDA,13.0,gasly,2019
Lando Norris,GBR,MCLAREN RENAULT,12.0,norris,2019
Kevin Magnussen,DEN,HAAS FERRARI,8.0,kevin_magnussen,2019
Daniel Ricciardo,AUS,RENAULT,6.0,ricciardo,2019
Carlos Sainz,ESP,MCLAREN RENAULT,6.0,sainz,2019
Nico Hulkenberg,GER,RENAULT,6.0,hulkenberg,2019
Lance Stroll,CAN,RACING POINT BWT MERCEDES,4.0,stroll,2019
Alexander Albon,THA,RED BULL RACING HONDA,3.0,albon,2019
Daniil Kvyat,RUS,SCUDERIA TORO ROSSO HONDA,1.0,kvyat,2019
Antonio Giovinazzi,ITA,ALFA ROMEO RACING FERRARI,0.0,giovinazzi,2019
Romain Grosjean,FRA,HAAS FERRARI,0.0,grosjean,2019
Robert Kubica,POL,WILLIAMS MERCEDES,0.0,kubica,2019
George Russell,GBR,WILLIAMS MERCEDES,0.0,russell,2019
Lewis Hamilton,GBR,MERCEDES,70.0,hamilton,2018
Sebastian Vettel,GER,FERRARI,66.0,vettel,2018
Kimi Räikkönen,FIN,FERRARI,48.0,raikkonen,2018
Valtteri Bottas,FIN,MERCEDES,40.0,bottas,2018
Daniel Ricciardo,AUS,RED BULL RACING TAG HEUER,37.0,ricciardo,2018
Nico Hulkenberg,GER,RENAULT,22.0,hulkenberg,2018
Fernando Alonso,ESP,MCLAREN RENAULT,18.0,alonso,2018
Max Verstappen,NED,RED BULL RACING TAG HEUER,18.0,max_verstappen,2018
Sergio Perez,MEX,FORCE INDIA MERCEDES,15.0,perez,2018
Carlos Sainz,ESP,RENAULT,13.0,sainz,2018
Pierre Gasly,FRA,SCUDERIA TORO ROSSO HONDA,12.0,gasly,2018
Kevin Magnussen,DEN,HAAS FERRARI,11.0,kevin_magnussen,2018
Charles Leclerc,MON,SAUBER FERRARI,8.0,leclerc,2018
Stoffel Vandoorne,BEL,MCLAREN RENAULT,8.0,vandoorne,2018
Lance Stroll,CAN,WILLIAMS MERCEDES,4.0,stroll,2018
Marcus Ericsson,SWE,SAUBER FERRARI,2.0,ericsson,2018
Esteban Ocon,FRA,FORCE INDIA MERCEDES,1.0,ocon,2018
Brendon Hartley,NZL,SCUDERIA TORO ROSSO HONDA,1.0,brendon_hartley,2018
Romain Grosjean,FRA,HAAS FERRARI,0.0,grosjean,2018
Sergey Sirotkin,RUS,WILLIAMS MERCEDES,0.0,sirotkin,2018
Sebastian Vettel,GER,FERRARI,86.0,vettel,2017
Lewis Hamilton,GBR,MERCEDES,73.0,hamilton,2017
Valtteri Bottas,FIN,MERCEDES,63.0,bottas,2017
Kimi Räikkönen,FIN,FERRARI,49.0,raikkonen,2017
Max Verstappen,NED,RED BULL RACING TAG HEUER,35.0,max_verstappen,2017
Daniel Ricciardo,AUS,RED BULL RACING TAG HEUER,22.0,ricciardo,2017
Sergio Perez,MEX,FORCE INDIA MERCEDES,22.0,perez,2017
Felipe Massa,BRA,WILLIAMS MERCEDES,18.0,massa,2017
Carlos Sainz,ESP,RENAULT,11.0,sainz,2017
Esteban Ocon,FRA,FORCE INDIA MERCEDES,9.0,ocon,2017
Nico Hulkenberg,GER,RENAULT,6.0,hulkenberg,2017
Romain Grosjean,FRA,HAAS FERRARI,4.0,grosjean,2017
Kevin Magnussen,DEN,HAAS FERRARI,4.0,kevin_magnussen,2017
Daniil Kvyat,RUS,TORO ROSSO,2.0,kvyat,2017
Antonio Giovinazzi,ITA,SAUBER FERRARI,0.0,giovinazzi,2017
Pierre Gasly,FRA,TORO ROSSO,0.0,gasly,2017
Marcus Ericsson,SWE,SAUBER FERRARI,0.0,ericsson,2017
Lance Stroll,CAN,WILLIAMS MERCEDES,0.0,stroll,2017
Pascal Wehrlein,GER,SAUBER FERRARI,0.0,wehrlein,2017
Jolyon Palmer,GBR,RENAULT,0.0,jolyon_palmer,2017
Stoffel Vandoorne,BEL,MCLAREN HONDA,0.0,vandoorne,2017
Fernando Alonso,ESP,MCLAREN HONDA,0.0,alonso,2017
Brendon Hartley,NZL,TORO ROSSO,0.0,brendon_hartley,2017
Nico Rosberg,GER,MERCEDES,100.0,rosberg,2016
Lewis Hamilton,GBR,MERCEDES,57.0,hamilton,2016
Kimi Räikkönen,FIN,FERRARI,43.0,raikkonen,2016
Daniel Ricciardo,AUS,RED BULL RACING TAG HEUER,36.0,ricciardo,2016
Sebastian Vettel,GER,FERRARI,33.0,vettel,2016
Felipe Massa,BRA,WILLIAMS MERCEDES,32.0,massa,2016
Romain Grosjean,FRA,HAAS FERRARI,22.0,grosjean,2016
Daniil Kvyat,RUS,TORO ROSSO FERRARI,21.0,kvyat,2016
Valtteri Bottas,FIN,WILLIAMS MERCEDES,19.0,bottas,2016
Max Verstappen,NED,RED BULL RACING TAG HEUER,13.0,max_verstappen,2016
Fernando Alonso,ESP,MCLAREN HONDA,8.0,alonso,2016
Nico Hulkenberg,GER,FORCE INDIA MERCEDES,6.0,hulkenberg,2016
Kevin Magnussen,DEN,RENAULT,6.0,kevin_magnussen,2016
Carlos Sainz,ESP,TORO ROSSO FERRARI,4.0,sainz,2016
Sergio Perez,MEX,FORCE INDIA MERCEDES,2.0,perez,2016
Jenson Button,GBR,MCLAREN HONDA,1.0,button,2016
Stoffel Vandoorne,BEL,MCLAREN HONDA,1.0,vandoorne,2016
Felipe Nasr,BRA,SAUBER FERRARI,0.0,nasr,2016
Jolyon Palmer,GBR,RENAULT,0.0,jolyon_palmer,2016
Pascal Wehrlein,GER,MRT MERCEDES,0.0,wehrlein,2016
Esteban Gutierrez,MEX,HAAS FERRARI,0.0,gutierrez,2016
Marcus Ericsson,SWE,SAUBER FERRARI,0.0,ericsson,2016
Esteban Ocon,FRA,MRT MERCEDES,0.0,ocon,2016
Rio Haryanto,INA,MRT MERCEDES,0.0,haryanto,2016
Lewis Hamilton,GBR,MERCEDES,93.0,hamilton,2015
Nico Rosberg,GER,MERCEDES,66.0,rosberg,2015
Sebastian Vettel,GER,FERRARI,65.0,vettel,2015
Kimi Räikkönen,FIN,FERRARI,42.0,raikkonen,2015
Felipe Massa,BRA,WILLIAMS MERCEDES,31.0,massa,2015
Valtteri Bottas,FIN,WILLIAMS MERCEDES,30.0,bottas,2015
Daniel Ricciardo,AUS,RED BULL RACING RENAULT,19.0,ricciardo,2015
Felipe Nasr,BRA,SAUBER FERRARI,14.0,nasr,2015
Romain Grosjean,FRA,LOTUS MERCEDES,12.0,grosjean,2015
Nico Hulkenberg,GER,FORCE INDIA MERCEDES,6.0,hulkenberg,2015
Max Verstappen,NED,STR RENAULT,6.0,max_verstappen,2015
Carlos Sainz,ESP,STR RENAULT,6.0,sainz,2015
Sergio Perez,MEX,FORCE INDIA MERCEDES,5.0,perez,2015
Marcus Ericsson,SWE,SAUBER FERRARI,5.0,ericsson,2015
Daniil Kvyat,RUS,RED BULL RACING RENAULT,4.0,kvyat,2015
Pastor Maldonado,VEN,LOTUS MERCEDES,0.0,maldonado,2015
Jenson Button,GBR,MCLAREN HONDA,0.0,button,2015
Fernando Alonso,ESP,MCLAREN HONDA,0.0,alonso,2015
Roberto Merhi,ESP,MARUSSIA FERRARI,0.0,merhi,2015
Will Stevens,GBR,MARUSSIA FERRARI,0.0,stevens,2015
Nico Rosberg,GER,MERCEDES,79.0,rosberg,2014
Lewis Hamilton,GBR,MERCEDES,75.0,hamilton,2014
Fernando Alonso,ESP,FERRARI,41.0,alonso,2014
Nico Hulkenberg,GER,FORCE INDIA MERCEDES,36.0,hulkenberg,2014
Sebastian Vettel,GER,RED BULL RACING RENAULT,33.0,vettel,2014
Daniel Ricciardo,AUS,RED BULL RACING RENAULT,24.0,ricciardo,2014
Valtteri Bottas,FIN,WILLIAMS MERCEDES,24.0,bottas,2014
Jenson Button,GBR,MCLAREN MERCEDES,23.0,button,2014
Kevin Magnussen,DEN,MCLAREN MERCEDES,20.0,kevin_magnussen,2014
Sergio Perez,MEX,FORCE INDIA MERCEDES,18.0,perez,2014
Felipe Massa,BRA,WILLIAMS MERCEDES,12.0,massa,2014
Kimi Räikkönen,FIN,FERRARI,11.0,raikkonen,2014
Jean-Eric Vergne,FRA,STR RENAULT,4.0,vergne,2014
Daniil Kvyat,RUS,STR RENAULT,4.0,kvyat,2014
Romain Grosjean,FRA,LOTUS RENAULT,0.0,grosjean,2014
Pastor Maldonado,VEN,LOTUS RENAULT,0.0,maldonado,2014
Jules Bianchi,FRA,MARUSSIA FERRARI,0.0,jules_bianchi,2014
Adrian Sutil,GER,SAUBER FERRARI,0.0,sutil,2014
Marcus Ericsson,SWE,CATERHAM RENAULT,0.0,ericsson,2014
Esteban Gutierrez,MEX,SAUBER FERRARI,0.0,gutierrez,2014
Max Chilton,GBR,MARUSSIA FERRARI,0.0,chilton,2014
Kamui Kobayashi,JPN,CATERHAM RENAULT,0.0,kobayashi,2014
Will Stevens,GBR,CATERHAM RENAULT,0.0,stevens,2014
Sebastian Vettel,GER,RED BULL RACING RENAULT,77.0,vettel,2013
Kimi Räikkönen,FIN,LOTUS RENAULT,67.0,raikkonen,2013
Lewis Hamilton,GBR,MERCEDES,50.0,hamilton,2013
Fernando Alonso,ESP,FERRARI,47.0,alonso,2013
Mark Webber,AUS,RED BULL RACING RENAULT,32.0,webber,2013
Felipe Massa,BRA,FERRARI,30.0,massa,2013
Romain Grosjean,FRA,LOTUS RENAULT,26.0,grosjean,2013
Paul di Resta,GBR,FORCE INDIA MERCEDES,20.0,resta,2013
Nico Rosberg,GER,MERCEDES,14.0,rosberg,2013
Jenson Button,GBR,MCLAREN MERCEDES,13.0,button,2013
Sergio Perez,MEX,MCLAREN MERCEDES,10.0,perez,2013
Adrian Sutil,GER,FORCE INDIA MERCEDES,6.0,sutil,2013
Daniel Ricciardo,AUS,STR FERRARI,6.0,ricciardo,2013
Nico Hulkenberg,GER,SAUBER FERRARI,5.0,hulkenberg,2013
Jean-Eric Vergne,FRA,STR FERRARI,1.0,vergne,2013
Esteban Gutierrez,MEX,SAUBER FERRARI,0.0,gutierrez,2013
Valtteri Bottas,FIN,WILLIAMS RENAULT,0.0,bottas,2013
Pastor Maldonado,VEN,WILLIAMS RENAULT,0.0,maldonado,2013
Jules Bianchi,FRA,MARUSSIA COSWORTH,0.0,jules_bianchi,2013
Charles Pic,FRA,CATERHAM RENAULT,0.0,pic,2013
Heikki Kovalainen,FIN,LOTUS RENAULT,0.0,kovalainen,2013
Giedo van der Garde,NED,CATERHAM RENAULT,0.0,garde,2013
Max Chilton,GBR,MARUSSIA COSWORTH,0.0,chilton,2013
Sebastian Vettel,GER,RED BULL RACING RENAULT,53.0,vettel,2012
Lewis Hamilton,GBR,MCLAREN MERCEDES,49.0,hamilton,2012
Mark Webber,AUS,RED BULL RACING RENAULT,48.0,webber,2012
Jenson Button,GBR,MCLAREN MERCEDES,43.0,button,2012
Fernando Alonso,ESP,FERRARI,43.0,alonso,2012
Nico Rosberg,GER,MERCEDES,35.0,rosberg,2012
Kimi Räikkönen,FIN,LOTUS RENAULT,34.0,raikkonen,2012
Romain Grosjean,FRA,LOTUS RENAULT,23.0,grosjean,2012
Sergio Perez,MEX,SAUBER FERRARI,22.0,perez,2012
Paul di Resta,GBR,FORCE INDIA MERCEDES,15.0,resta,2012
Bruno Senna,BRA,WILLIAMS RENAULT,12.0,bruno_senna,2012
Kamui Kobayashi,JPN,SAUBER FERRARI,9.0,kobayashi,2012
Jean-Eric Vergne,FRA,STR FERRARI,4.0,vergne,2012
Pastor Maldonado,VEN,WILLIAMS RENAULT,4.0,maldonado,2012
Daniel Ricciardo,AUS,STR FERRARI,2.0,ricciardo,2012
Michael Schumacher,GER,MERCEDES,2.0,michael_schumacher,2012
Nico Hulkenberg,GER,FORCE INDIA MERCEDES,2.0,hulkenberg,2012
Felipe Massa,BRA,FERRARI,2.0,massa,2012
Vitaly Petrov,RUS,CATERHAM RENAULT,0.0,petrov,2012
Timo Glock,GER,MARUSSIA COSWORTH,0.0,glock,2012
Charles Pic,FRA,MARUSSIA COSWORTH,0.0,pic,2012
Heikki Kovalainen,FIN,CATERHAM RENAULT,0.0,kovalainen,2012
Jerome d'Ambrosio,BEL,LOTUS RENAULT,0.0,ambrosio,2012
Narain Karthikeyan,IND,HRT COSWORTH,0.0,karthikeyan,2012
Pedro de la Rosa,ESP,HRT COSWORTH,0.0,rosa,2012
Sebastian Vettel,GER,RED BULL RACING RENAULT,93.0,vettel,2011
Lewis Hamilton,GBR,MCLAREN MERCEDES,59.0,hamilton,2011
Mark Webber,AUS,RED BULL RACING RENAULT,55.0,webber,2011
Jenson Button,GBR,MCLAREN MERCEDES,46.0,button,2011
Fernando Alonso,ESP,FERRARI,41.0,alonso,2011
Felipe Massa,BRA,FERRARI,24.0,massa,2011
Nick Heidfeld,GER,RENAULT,21.0,heidfeld,2011
Vitaly Petrov,RUS,RENAULT,21.0,petrov,2011
Nico Rosberg,GER,MERCEDES,20.0,rosberg,2011
Kamui Kobayashi,JPN,SAUBER FERRARI,8.0,kobayashi,2011
Sebastien Buemi,SUI,STR FERRARI,6.0,buemi,2011
Michael Schumacher,GER,MERCEDES,6.0,michael_schumacher,2011
Adrian Sutil,GER,FORCE INDIA MERCEDES,2.0,sutil,2011
Paul di Resta,GBR,FORCE INDIA MERCEDES,2.0,resta,2011
Heikki Kovalainen,FIN,LOTUS RENAULT,0.0,kovalainen,2011
Daniel Ricciardo,AUS,HRT COSWORTH,0.0,ricciardo,2011
Narain Karthikeyan,IND,HRT COSWORTH,0.0,karthikeyan,2011
Timo Glock,GER,VIRGIN COSWORTH,0.0,glock,2011
Jerome d'Ambrosio,BEL,VIRGIN COSWORTH,0.0,ambrosio,2011
Vitantonio Liuzzi,ITA,HRT COSWORTH,0.0,liuzzi,2011
Pedro de la Rosa,ESP,SAUBER FERRARI,0.0,rosa,2011
Jarno Trulli,ITA,LOTUS RENAULT,0.0,trulli,2011
Pastor Maldonado,VEN,WILLIAMS COSWORTH,0.0,maldonado,2011
Bruno Senna,BRA,RENAULT,0.0,bruno_senna,2011
Rubens Barrichello,BRA,WILLIAMS COSWORTH,0.0,barrichello,2011
Sergio Perez,MEX,SAUBER FERRARI,0.0,perez,2011
Jaime Alguersuari,ESP,STR FERRARI,0.0,alguersuari,2011
Karun Chandhok,IND,LOTUS RENAULT,0.0,chandhok,2011
Jenson Button,GBR,MCLAREN MERCEDES,60.0,button,2010
Nico Rosberg,GER,MERCEDES,50.0,rosberg,2010
Fernando Alonso,ESP,FERRARI,49.0,alonso,2010
Lewis Hamilton,GBR,MCLAREN MERCEDES,49.0,hamilton,2010
Sebastian Vettel,GER,RBR RENAULT,45.0,vettel,2010
Felipe Massa,BRA,FERRARI,41.0,massa,2010
Robert Kubica,POL,RENAULT,40.0,kubica,2010
Mark Webber,AUS,RBR RENAULT,28.0,webber,2010
Michael Schumacher,GER,MERCEDES,10.0,michael_schumacher,2010
Adrian Sutil,GER,FORCE INDIA MERCEDES,10.0,sutil,2010
Vitantonio Liuzzi,ITA,FORCE INDIA MERCEDES,8.0,liuzzi,2010
Rubens Barrichello,BRA,WILLIAMS COSWORTH,5.0,barrichello,2010
Jaime Alguersuari,ESP,STR FERRARI,2.0,alguersuari,2010
Nico Hulkenberg,GER,WILLIAMS COSWORTH,1.0,hulkenberg,2010
Vitaly Petrov,RUS,RENAULT,0.0,petrov,2010
Sebastien Buemi,SUI,STR FERRARI,0.0,buemi,2010
Pedro de la Rosa,ESP,SAUBER FERRARI,0.0,rosa,2010
Nick Heidfeld,GER,SAUBER FERRARI,0.0,heidfeld,2010
Kamui Kobayashi,JPN,SAUBER FERRARI,0.0,kobayashi,2010
Heikki Kovalainen,FIN,LOTUS COSWORTH,0.0,kovalainen,2010
Jarno Trulli,ITA,LOTUS COSWORTH,0.0,trulli,2010
Karun Chandhok,IND,HRT COSWORTH,0.0,chandhok,2010
Bruno Senna,BRA,HRT COSWORTH,0.0,bruno_senna,2010
Lucas di Grassi,BRA,VIRGIN COSWORTH,0.0,grassi,2010
Timo Glock,GER,VIRGIN COSWORTH,0.0,glock,2010
Christian Klien,AUT,HRT COSWORTH,0.0,klien,2010
Jenson Button,GBR,BRAWN MERCEDES,31.0,button,2009
Rubens Barrichello,BRA,BRAWN MERCEDES,19.0,barrichello,2009
Sebastian Vettel,GER,RBR RENAULT,18.0,vettel,2009
Jarno Trulli,ITA,TOYOTA,14.5,trulli,2009
Timo Glock,GER,TOYOTA,12.0,glock,2009
Mark Webber,AUS,RBR RENAULT,9.5,webber,2009
Lewis Hamilton,GBR,MCLAREN MERCEDES,9.0,hamilton,2009
Fernando Alonso,ESP,RENAULT,5.0,alonso,2009
Heikki Kovalainen,FIN,MCLAREN MERCEDES,4.0,kovalainen,2009
Nick Heidfeld,GER,SAUBER BMW,4.0,heidfeld,2009
Nico Rosberg,GER,WILLIAMS TOYOTA,3.5,rosberg,2009
Kimi Räikkönen,FIN,FERRARI,3.0,raikkonen,2009
Sebastien Buemi,SUI,STR FERRARI,3.0,buemi,2009
Sebastien Bourdais,FRA,STR FERRARI,1.0,bourdais,2009
Felipe Massa,BRA,FERRARI,0.0,massa,2009
Robert Kubica,POL,SAUBER BMW,0.0,kubica,2009
Giancarlo Fisichella,ITA,FERRARI,0.0,fisichella,2009
Adrian Sutil,GER,FORCE INDIA MERCEDES,0.0,sutil,2009
Kamui Kobayashi,JPN,TOYOTA,0.0,kobayashi,2009
Kazuki Nakajima,JPN,WILLIAMS TOYOTA,0.0,nakajima,2009
Nelson Piquet Jr.,BRA,RENAULT,0.0,piquet_jr,2009
Vitantonio Liuzzi,ITA,FORCE INDIA MERCEDES,0.0,liuzzi,2009
Romain Grosjean,FRA,RENAULT,0.0,grosjean,2009
Jaime Alguersuari,ESP,STR FERRARI,0.0,alguersuari,2009
Luca Badoer,ITA,FERRARI,0.0,badoer,2009
Kimi Räikkönen,FIN,FERRARI,19.0,raikkonen,2008
Nick Heidfeld,GER,SAUBER BMW,16.0,heidfeld,2008
Lewis Hamilton,GBR,MCLAREN MERCEDES,14.0,hamilton,2008
Robert Kubica,POL,SAUBER BMW,14.0,kubica,2008
Heikki Kovalainen,FIN,MCLAREN MERCEDES,14.0,kovalainen,2008
Felipe Massa,BRA,FERRARI,10.0,massa,2008
Jarno Trulli,ITA,TOYOTA,8.0,trulli,2008
Nico Rosberg,GER,WILLIAMS TOYOTA,7.0,rosberg,2008
Fernando Alonso,ESP,RENAULT,6.0,alonso,2008
Mark Webber,AUS,RED BULL RENAULT,4.0,webber,2008
Kazuki Nakajima,JPN,WILLIAMS TOYOTA,3.0,nakajima,2008
Sebastien Bourdais,FRA,STR FERRARI,2.0,bourdais,2008
Takuma Sato,JPN,SUPER AGURI HONDA,0.0,sato,2008
Adrian Sutil,GER,FORCE INDIA FERRARI,0.0,sutil,2008
Giancarlo Fisichella,ITA,FORCE INDIA FERRARI,0.0,fisichella,2008
Jenson Button,GBR,HONDA,0.0,button,2008
Nelson Piquet Jr.,BRA,RENAULT,0.0,piquet_jr,2008
David Coulthard,GBR,RED BULL RENAULT,0.0,coulthard,2008
Rubens Barrichello,BRA,HONDA,0.0,barrichello,2008
Timo Glock,GER,TOYOTA,0.0,glock,2008
Sebastian Vettel,GER,STR FERRARI,0.0,vettel,2008
Anthony Davidson,GBR,SUPER AGURI HONDA,0.0,davidson,2008
Kimi Räikkönen,FIN,FERRARI,22.0,raikkonen,2007
Fernando Alonso,ESP,MCLAREN MERCEDES,22.0,alonso,2007
Lewis Hamilton,GBR,MCLAREN MERCEDES,22.0,hamilton,2007
Felipe Massa,BRA,FERRARI,17.0,massa,2007
Nick Heidfeld,GER,SAUBER BMW,15.0,heidfeld,2007
Giancarlo Fisichella,ITA,RENAULT,8.0,fisichella,2007
Jarno Trulli,ITA,TOYOTA,4.0,trulli,2007
Robert Kubica,POL,SAUBER BMW,3.0,kubica,2007
Nico Rosberg,GER,WILLIAMS TOYOTA,2.0,rosberg,2007
Heikki Kovalainen,FIN,RENAULT,1.0,kovalainen,2007
Ralf Schumacher,GER,TOYOTA,1.0,ralf_schumacher,2007
Mark Webber,AUS,RED BULL RENAULT,0.0,webber,2007
Alexander Wurz,AUT,WILLIAMS TOYOTA,0.0,wurz,2007
Sebastian Vettel,GER,STR FERRARI,0.0,vettel,2007
Jenson Button,GBR,HONDA,0.0,button,2007
David Coulthard,GBR,RED BULL RENAULT,0.0,coulthard,2007
Takuma Sato,JPN,SUPER AGURI HONDA,0.0,sato,2007
Vitantonio Liuzzi,ITA,STR FERRARI,0.0,liuzzi,2007
Adrian Sutil,GER,SPYKER FERRARI,0.0,sutil,2007
Rubens Barrichello,BRA,HONDA,0.0,barrichello,2007
Scott Speed,USA,STR FERRARI,0.0,speed,2007
Kazuki Nakajima,JPN,WILLIAMS TOYOTA,0.0,nakajima,2007
Anthony Davidson,GBR,SUPER AGURI HONDA,0.0,davidson,2007
Christijan Albers,NED,SPYKER FERRARI,0.0,albers,2007
Fernando Alonso,ESP,RENAULT,44.0,alonso,2006
Michael Schumacher,GER,FERRARI,31.0,michael_schumacher,2006
Kimi Räikkönen,FIN,MCLAREN MERCEDES,23.0,raikkonen,2006
Giancarlo Fisichella,ITA,RENAULT,18.0,fisichella,2006
Felipe Massa,BRA,FERRARI,15.0,massa,2006
Juan Pablo Montoya,COL,MCLAREN MERCEDES,15.0,montoya,2006
Jenson Button,GBR,HONDA,13.0,button,2006
Ralf Schumacher,GER,TOYOTA,7.0,ralf_schumacher,2006
Robert Kubica,POL,SAUBER BMW,6.0,kubica,2006
Rubens Barrichello,BRA,HONDA,6.0,barrichello,2006
Mark Webber,AUS,WILLIAMS COSWORTH,6.0,webber,2006
Jacques Villeneuve,CAN,SAUBER BMW,6.0,villeneuve,2006
Nick Heidfeld,GER,SAUBER BMW,5.0,heidfeld,2006
Nico Rosberg,GER,WILLIAMS COSWORTH,4.0,rosberg,2006
Christian Klien,AUT,RBR FERRARI,1.0,klien,2006
David Coulthard,GBR,RBR FERRARI,1.0,coulthard,2006
Jarno Trulli,ITA,TOYOTA,0.0,trulli,2006
Pedro de la Rosa,ESP,MCLAREN MERCEDES,0.0,rosa,2006
Vitantonio Liuzzi,ITA,STR COSWORTH,0.0,liuzzi,2006
Scott Speed,USA,STR COSWORTH,0.0,speed,2006
Tiago Monteiro,POR,MF1 TOYOTA,0.0,monteiro,2006
Christijan Albers,NED,MF1 TOYOTA,0.0,albers,2006
Takuma Sato,JPN,SUPER AGURI HONDA,0.0,sato,2006
Franck Montagny,FRA,SUPER AGURI HONDA,0.0,montagny,2006
Fernando Alonso,ESP,RENAULT,36.0,alonso,2005
Jarno Trulli,ITA,TOYOTA,20.0,trulli,2005
Michael Schumacher,GER,FERRARI,10.0,michael_schumacher,2005
Giancarlo Fisichella,ITA,RENAULT,10.0,fisichella,2005
Nick Heidfeld,GER,WILLIAMS BMW,9.0,heidfeld,2005
Mark Webber,AUS,WILLIAMS BMW,9.0,webber,2005
David Coulthard,GBR,RBR COSWORTH,9.0,coulthard,2005
Ralf Schumacher,GER,TOYOTA,9.0,ralf_schumacher,2005
Rubens Barrichello,BRA,FERRARI,8.0,barrichello,2005
Juan Pablo Montoya,COL,MCLAREN MERCEDES,8.0,montoya,2005
Kimi Räikkönen,FIN,MCLAREN MERCEDES,7.0,raikkonen,2005
Alexander Wurz,AUT,MCLAREN MERCEDES,6.0,wurz,2005
Jacques Villeneuve,CAN,SAUBER PETRONAS,5.0,villeneuve,2005
Pedro de la Rosa,ESP,MCLAREN MERCEDES,4.0,rosa,2005
Christian Klien,AUT,RBR COSWORTH,3.0,klien,2005
Felipe Massa,BRA,SAUBER PETRONAS,2.0,massa,2005
Vitantonio Liuzzi,ITA,RBR COSWORTH,1.0,liuzzi,2005
Jenson Button,GBR,BAR HONDA,0.0,button,2005
Tiago Monteiro,POR,JORDAN TOYOTA,0.0,monteiro,2005
Narain Karthikeyan,IND,JORDAN TOYOTA,0.0,karthikeyan,2005
Christijan Albers,NED,MINARDI COSWORTH,0.0,albers,2005
Patrick Friesacher,AUT,MINARDI COSWORTH,0.0,friesacher,2005
Takuma Sato,JPN,BAR HONDA,0.0,sato,2005
Michael Schumacher,GER,FERRARI,40.0,michael_schumacher,2004
Rubens Barrichello,BRA,FERRARI,24.0,barrichello,2004
Jenson Button,GBR,BAR HONDA,23.0,button,2004
Juan Pablo Montoya,COL,WILLIAMS BMW,18.0,montoya,2004
Fernando Alonso,ESP,RENAULT,16.0,alonso,2004
Jarno Trulli,ITA,TOYOTA,15.0,trulli,2004
Ralf Schumacher,GER,WILLIAMS BMW,9.0,ralf_schumacher,2004
Takuma Sato,JPN,BAR HONDA,4.0,sato,2004
David Coulthard,GBR,MCLAREN MERCEDES,4.0,coulthard,2004
Felipe Massa,BRA,SAUBER PETRONAS,1.0,massa,2004
Mark Webber,AUS,JAGUAR COSWORTH,1.0,webber,2004
Kimi Räikkönen,FIN,MCLAREN MERCEDES,1.0,raikkonen,2004
Giancarlo Fisichella,ITA,SAUBER PETRONAS,0.0,fisichella,2004
Olivier Panis,FRA,TOYOTA,0.0,panis,2004
Christian Klien,AUT,JAGUAR COSWORTH,0.0,klien,2004
Cristiano da Matta,BRA,TOYOTA,0.0,matta,2004
Nick Heidfeld,GER,JORDAN FORD,0.0,heidfeld,2004
Timo Glock,GER,JORDAN FORD,0.0,glock,2004
Zsolt Baumgartner,HUN,MINARDI COSWORTH,0.0,baumgartner,2004
Jacques Villeneuve,CAN,RENAULT,0.0,villeneuve,2004
Ricardo Zonta,BRA,TOYOTA,0.0,zonta,2004
Marc Gene,ESP,WILLIAMS BMW,0.0,gene,2004
Giorgio Pantano,ITA,JORDAN FORD,0.0,pantano,2004
Gianmaria Bruni,ITA,MINARDI COSWORTH,0.0,bruni,2004
Kimi Räikkönen,FIN,MCLAREN MERCEDES,32.0,raikkonen,2003
David Coulthard,GBR,MCLAREN MERCEDES,19.0,coulthard,2003
Michael Schumacher,GER,FERRARI,18.0,michael_schumacher,2003
Fernando Alonso,ESP,RENAULT,17.0,alonso,2003
Rubens Barrichello,BRA,FERRARI,14.0,barrichello,2003
Ralf Schumacher,GER,WILLIAMS BMW,13.0,ralf_schumacher,2003
Giancarlo Fisichella,ITA,JORDAN FORD,10.0,fisichella,2003
Juan Pablo Montoya,COL,WILLIAMS BMW,10.0,montoya,2003
Jarno Trulli,ITA,RENAULT,9.0,trulli,2003
Heinz-Harald Frentzen,GER,SAUBER PETRONAS,7.0,frentzen,2003
Jenson Button,GBR,BAR HONDA,3.0,button,2003
Jacques Villeneuve,CAN,BAR HONDA,3.0,villeneuve,2003
Nick Heidfeld,GER,SAUBER PETRONAS,1.0,heidfeld,2003
Mark Webber,AUS,JAGUAR COSWORTH,0.0,webber,2003
Cristiano da Matta,BRA,TOYOTA,0.0,matta,2003
Olivier Panis,FRA,TOYOTA,0.0,panis,2003
Marc Gene,ESP,WILLIAMS BMW,0.0,gene,2003
Takuma Sato,JPN,BAR HONDA,0.0,sato,2003
Ralph Firman,IRL,JORDAN FORD,0.0,firman,2003
Justin Wilson,GBR,JAGUAR COSWORTH,0.0,wilson,2003
Jos Verstappen,NED,MINARDI COSWORTH,0.0,verstappen,2003
Zsolt Baumgartner,HUN,JORDAN FORD,0.0,baumgartner,2003
Michael Schumacher,GER,FERRARI,34.0,michael_schumacher,2002
Ralf Schumacher,GER,WILLIAMS BMW,20.0,ralf_schumacher,2002
Juan Pablo Montoya,COL,WILLIAMS BMW,17.0,montoya,2002
Jenson Button,GBR,RENAULT,8.0,button,2002
Rubens Barrichello,BRA,FERRARI,6.0,barrichello,2002
David Coulthard,GBR,MCLAREN MERCEDES,5.0,coulthard,2002
Kimi Räikkönen,FIN,MCLAREN MERCEDES,4.0,raikkonen,2002
Eddie Irvine,GBR,JAGUAR COSWORTH,3.0,irvine,2002
Mark Webber,AUS,MINARDI ASIATECH,2.0,webber,2002
Nick Heidfeld,GER,SAUBER PETRONAS,2.0,heidfeld,2002
Mika Salo,FIN,TOYOTA,2.0,salo,2002
Felipe Massa,BRA,SAUBER PETRONAS,1.0,massa,2002
Pedro de la Rosa,ESP,JAGUAR COSWORTH,0.0,rosa,2002
Allan McNish,GBR,TOYOTA,0.0,mcnish,2002
Heinz-Harald Frentzen,GER,SAUBER PETRONAS,0.0,frentzen,2002
Giancarlo Fisichella,ITA,JORDAN HONDA,0.0,fisichella,2002
Takuma Sato,JPN,JORDAN HONDA,0.0,sato,2002
Olivier Panis,FRA,BAR HONDA,0.0,panis,2002
Jacques Villeneuve,CAN,BAR HONDA,0.0,villeneuve,2002
Jarno Trulli,ITA,RENAULT,0.0,trulli,2002
Enrique Bernoldi,BRA,ARROWS COSWORTH,0.0,bernoldi,2002
Michael Schumacher,GER,FERRARI,26.0,michael_schumacher,2001
David Coulthard,GBR,MCLAREN MERCEDES,26.0,coulthard,2001
Rubens Barrichello,BRA,FERRARI,14.0,barrichello,2001
Ralf Schumacher,GER,WILLIAMS BMW,12.0,ralf_schumacher,2001
Nick Heidfeld,GER,SAUBER PETRONAS,7.0,heidfeld,2001
Heinz-Harald Frentzen,GER,PROST ACER,6.0,frentzen,2001
Mika Hakkinen,FIN,MCLAREN MERCEDES,4.0,hakkinen,2001
Jarno Trulli,ITA,JORDAN HONDA,4.0,trulli,2001
Olivier Panis,FRA,BAR HONDA,3.0,panis,2001
Giancarlo Fisichella,ITA,BENETTON RENAULT,1.0,fisichella,2001
Kimi Räikkönen,FIN,SAUBER PETRONAS,1.0,raikkonen,2001
Eddie Irvine,GBR,JAGUAR COSWORTH,0.0,irvine,2001
Jacques Villeneuve,CAN,BAR HONDA,0.0,villeneuve,2001
Juan Pablo Montoya,COL,WILLIAMS BMW,0.0,montoya,2001
Jean Alesi,FRA,JORDAN HONDA,0.0,alesi,2001
Pedro de la Rosa,ESP,JAGUAR COSWORTH,0.0,rosa,2001
Jenson Button,GBR,BENETTON RENAULT,0.0,button,2001
Jos Verstappen,NED,ARROWS ASIATECH,0.0,verstappen,2001
Michael Schumacher,GER,FERRARI,34.0,michael_schumacher,2000
David Coulthard,GBR,MCLAREN MERCEDES,14.0,coulthard,2000
Mika Hakkinen,FIN,MCLAREN MERCEDES,12.0,hakkinen,2000
Rubens Barrichello,BRA,FERRARI,9.0,barrichello,2000
Ralf Schumacher,GER,WILLIAMS BMW,9.0,ralf_schumacher,2000
Giancarlo Fisichella,ITA,BENETTON PLAYLIFE,8.0,fisichella,2000
Jacques Villeneuve,CAN,BAR HONDA,5.0,villeneuve,2000
Jarno Trulli,ITA,JORDAN MUGEN HONDA,4.0,trulli,2000
Heinz-Harald Frentzen,GER,JORDAN MUGEN HONDA,4.0,frentzen,2000
Jenson Button,GBR,WILLIAMS BMW,3.0,button,2000
Mika Salo,FIN,SAUBER PETRONAS,1.0,salo,2000
Ricardo Zonta,BRA,BAR HONDA,1.0,zonta,2000
Johnny Herbert,GBR,JAGUAR COSWORTH,0.0,herbert,2000
Jean Alesi,FRA,PROST PEUGEOT,0.0,alesi,2000
Nick Heidfeld,GER,PROST PEUGEOT,0.0,heidfeld,2000
Gaston Mazzacane,ARG,MINARDI FONDMETAL,0.0,mazzacane,2000
Marc Gene,ESP,MINARDI FONDMETAL,0.0,gene,2000
Jos Verstappen,NED,ARROWS SUPERTEC,0.0,verstappen,2000
Pedro Diniz,BRA,SAUBER PETRONAS,0.0,diniz,2000
Pedro de la Rosa,ESP,ARROWS SUPERTEC,0.0,rosa,2000
Alexander Wurz,AUT,BENETTON PLAYLIFE,0.0,wurz,2000
Eddie Irvine,GBR,JAGUAR COSWORTH,0.0,irvine,2000
Luciano Burti,BRA,JAGUAR COSWORTH,0.0,burti,2000
Michael Schumacher,GER,FERRARI,26.0,michael_schumacher,1999
Eddie Irvine,GBR,FERRARI,18.0,irvine,1999
Mika Hakkinen,FIN,MCLAREN MERCEDES,14.0,hakkinen,1999
Heinz-Harald Frentzen,GER,JORDAN MUGEN HONDA,13.0,frentzen,1999
Ralf Schumacher,GER,WILLIAMS SUPERTEC,7.0,ralf_schumacher,1999
Giancarlo Fisichella,ITA,BENETTON PLAYLIFE,7.0,fisichella,1999
David Coulthard,GBR,MCLAREN MERCEDES,6.0,coulthard,1999
Rubens Barrichello,BRA,STEWART FORD,6.0,barrichello,1999
Damon Hill,GBR,JORDAN MUGEN HONDA,3.0,damon_hill,1999
Olivier Panis,FRA,PROST PEUGEOT,1.0,panis,1999
Pedro de la Rosa,ESP,ARROWS,1.0,rosa,1999
Jean Alesi,FRA,SAUBER PETRONAS,1.0,alesi,1999
Alexander Wurz,AUT,BENETTON PLAYLIFE,1.0,wurz,1999
Mika Salo,FIN,FERRARI,0.0,salo,1999
Pedro Diniz,BRA,SAUBER PETRONAS,0.0,diniz,1999
Jarno Trulli,ITA,PROST PEUGEOT,0.0,trulli,1999
Johnny Herbert,GBR,STEWART FORD,0.0,herbert,1999
Marc Gene,ESP,MINARDI FORD,0.0,gene,1999
Mika Hakkinen,FIN,MCLAREN MERCEDES,26.0,hakkinen,1998
David Coulthard,GBR,MCLAREN MERCEDES,23.0,coulthard,1998
Michael Schumacher,GER,FERRARI,20.0,michael_schumacher,1998
Eddie Irvine,GBR,FERRARI,11.0,irvine,1998
Heinz-Harald Frentzen,GER,WILLIAMS MECACHROME,8.0,frentzen,1998
Alexander Wurz,AUT,BENETTON PLAYLIFE,6.0,wurz,1998
Jacques Villeneuve,CAN,WILLIAMS MECACHROME,5.0,villeneuve,1998
Jean Alesi,FRA,SAUBER PETRONAS,3.0,alesi,1998
Giancarlo Fisichella,ITA,BENETTON PLAYLIFE,1.0,fisichella,1998
Johnny Herbert,GBR,SAUBER PETRONAS,1.0,herbert,1998
Jarno Trulli,ITA,PROST PEUGEOT,0.0,trulli,1998
Esteban Tuero,ARG,MINARDI FORD,0.0,tuero,1998
Shinji Nakano,JPN,MINARDI FORD,0.0,nakano,1998
Toranosuke Takagi,JPN,TYRRELL FORD,0.0,takagi,1998
Olivier Panis,FRA,PROST PEUGEOT,0.0,panis,1998
Rubens Barrichello,BRA,STEWART FORD,0.0,barrichello,1998
Jan Magnussen,DEN,STEWART FORD,0.0,magnussen,1998
Pedro Diniz,BRA,ARROWS,0.0,diniz,1998
Mika Salo,FIN,ARROWS,0.0,salo,1998
Ralf Schumacher,GER,JORDAN MUGEN HONDA,0.0,ralf_schumacher,1998
Damon Hill,GBR,JORDAN MUGEN HONDA,0.0,damon_hill,1998
Jos Verstappen,NED,STEWART FORD,0.0,verstappen,1998
Michael Schumacher,GER,FERRARI,24.0,michael_schumacher,1997
Jacques Villeneuve,CAN,WILLIAMS RENAULT,20.0,villeneuve,1997
Eddie Irvine,GBR,FERRARI,14.0,irvine,1997
Heinz-Harald Frentzen,GER,WILLIAMS RENAULT,10.0,frentzen,1997
David Coulthard,GBR,MCLAREN MERCEDES,10.0,coulthard,1997
Gerhard Berger,AUT,BENETTON RENAULT,10.0,berger,1997
Mika Hakkinen,FIN,MCLAREN MERCEDES,10.0,hakkinen,1997
Olivier Panis,FRA,PROST MUGEN HONDA,9.0,panis,1997
Rubens Barrichello,BRA,STEWART FORD,6.0,barrichello,1997
Giancarlo Fisichella,ITA,JORDAN PEUGEOT,4.0,fisichella,1997
Ralf Schumacher,GER,JORDAN PEUGEOT,4.0,ralf_schumacher,1997
Jean Alesi,FRA,BENETTON RENAULT,3.0,alesi,1997
Johnny Herbert,GBR,SAUBER PETRONAS,3.0,herbert,1997
Mika Salo,FIN,TYRRELL FORD,2.0,salo,1997
Damon Hill,GBR,ARROWS YAMAHA,0.0,damon_hill,1997
Alexander Wurz,AUT,BENETTON RENAULT,0.0,wurz,1997
Jarno Trulli,ITA,PROST MUGEN HONDA,0.0,trulli,1997
Pedro Diniz,BRA,ARROWS YAMAHA,0.0,diniz,1997
Shinji Nakano,JPN,PROST MUGEN HONDA,0.0,nakano,1997
Damon Hill,GBR,WILLIAMS RENAULT,43.0,damon_hill,1996
Jacques Villeneuve,CAN,WILLIAMS RENAULT,22.0,villeneuve,1996
Michael Schumacher,GER,FERRARI,16.0,michael_schumacher,1996
Jean Alesi,FRA,BENETTON RENAULT,11.0,alesi,1996
Olivier Panis,FRA,LIGIER MUGEN HONDA,11.0,panis,1996
David Coulthard,GBR,MCLAREN MERCEDES,10.0,coulthard,1996
Eddie Irvine,GBR,FERRARI,10.0,irvine,1996
Gerhard Berger,AUT,BENETTON RENAULT,7.0,berger,1996
Rubens Barrichello,BRA,JORDAN PEUGEOT,7.0,barrichello,1996
Mika Hakkinen,FIN,MCLAREN MERCEDES,6.0,hakkinen,1996
Mika Salo,FIN,TYRRELL YAMAHA,5.0,salo,1996
Johnny Herbert,GBR,SAUBER FORD,4.0,herbert,1996
Heinz-Harald Frentzen,GER,SAUBER FORD,3.0,frentzen,1996
Martin Brundle,GBR,JORDAN PEUGEOT,1.0,brundle,1996
Jos Verstappen,NED,FOOTWORK HART,1.0,verstappen,1996
Pedro Diniz,BRA,LIGIER MUGEN HONDA,0.0,diniz,1996
